ID ,Text,Sentiment_text,Sentiment_label
1,ខ្ញុំចូលចិត្តវា,Positive ,1.0
2,ផលិតផលនេះគុណភាពល្អ,Positive ,1.0
3,ប្រើប្រាស់មិនបានយូ ហើយថ្លៃទៀត,Negative,0.0
4,នៅតែពេញនិយមស្តាប់មិនធុញ,Positive ,1.0
5,ខ្ញុំអត់ចូលចិត្តត្រង់ កាមេរ៉ា មហាអន់ និយាយមែន,Negative,0.0
6,ខ្ញុំអត់ពេញចិត្តរូប១សន្លឹកដែលថតនោះ,Negative,0.0
7,ផលិតបានល្អខ្លាំងណាស់,Positive ,1.0
8,ខ្ញុំស្ដាប់10ដងហើយនៅតែពិរស់,Positive ,1.0
9,អ្នកបើកបរមានសុជីវធម៍ល្អ លើកក្រោយចង់ជិះជាមួយគាត់ទៀត,Positive ,1.0
10,សូមខំមិនរឿងអ្នកបើកបរម្សិលមិញពីសៀមរាបមកភ្នំពេញម៉ោង3កន្លះរសៀលអ្នកបើកបរលឿនហួសហេតុឈ្លើយឈប់ចូលបត់ជើង ម៉ាននាទីហូបបាយម៉ាននាទីក៏មិនប្រាប់បើកលឿនខ្លាំងដល់ថ្នាក់ខ្ញុំអង្គុយនៅខាងមុខចង់ក្អួតម៉ានដង,Negative,0.0
11,ល្អតែម្ដងគុណភាពរបស់គេ,Positive,1.0
12,រឿងហ្នឹងល្អមើល,Positive,1.0
13,ល្អមើលមែន Rate អោយ 9/10 តែអត់យល់ហេតុអីបានគេយំ? ខ្ញុំមើលអត់យំផង,Positive,1.0
14,Rate8.5/10 ល្អមើល តែអត់យល់មិចបានគេយំ តែបើសិនជាយករឿងញុមមកសម្ដែងប្រហែលយំខ្លាំងជាងនឹងទៅទៀត,Positive,1.0
15,មើលហើយៗ. អត់យំអីផង. តែល្អមើលគួរសម តួស្អាតៗ,Positive,1.0
16,រឿងនឹងវគ្គ1មើលស្តាយលុយណាស់ ចឹងអត់មើលទៀតទេ4/10,Negative,0.0
17,ពិរោះណាស់ សូមអគុណ ដល់លោក ដែលបានខំស្រាវជ្រាវរក្សាទុក,Positive ,1.0
18,ពិរោះណាស់ខ្ញុំចូលចិត្តស្តាប់បទពីដើម,Positive ,1.0
19,ស្តាប់នៅតែពិរោះមិនសាបសូន្យ,Positive ,1.0
20,មាននាក់ស្តាប់តើ,Positive ,1.0
21,ចូលចិត្ត,Positive ,1.0
22,គ្រាប់ពេជ្រនៅតែគ្រាប់ពេជ្រ,Positive ,1.0
23,ទាល់តែឧកញ៉ាធ្លាក់ខ្លួនបែបនេះ ទើបម្នាក់ៗពេញចិត្ត,Negative ,0.0
24,ខានលឺយូហើយអាយដល,Positive ,1.0
25,បងធំ មន្ត មកវិញហេីយ,Positive ,1.0
26,រង់ចាំយូរហេីយ​ អាយដល,Positive ,1.0
27,អានេះមើងាយគេសាហាវ,Negative ,0.0
28,ថាគេតាមដានវាតែដឹងពីគេគ្រប់រឿងម៉ង ម៉ាអាឈ្មោល,Negative ,0.0
29,អាប្អូននឹងវាថ្លើបធំហើយបានមកចង់លេងមួយបង,Negative ,0.0
30,ស្ដាយហា៎អត់បានទៅមើល,Negative ,0.0
31,បទអីនិងដឹងប្រាប់ផង,Negative ,0.0
32,បានត្រឹមមើលតាមឡាយ,Negative ,0.0
33,ញុមមើលឡាយខ្ចីលទៅរងាពេក,Positive ,1.0
34,ឈឺហើយអត់បានទៅមើលផ្ទាល់,Negative ,0.0
35,រវល់ខួបកំណើតកូនអត់បានទៅស្ដាយណាស់,Negative ,0.0
36,ស្តាយអត់ទៅមើលផ្ទាល់,Negative ,0.0
37,បទខ្មែរមិចក៏មិនច្រៀង,Negative ,0.0
38,អ្នកធ្វើគេខំណាស់ ណាស់តែពួកទើសទេ ទើសគ្រប់កន្លែងរកកន្លែងទើសគ្រប់ យ៉ាង,Negative ,0.0
39,អរគុណបងដែលបានបកស្រាយកុំអេាយមានមហាជនមួួយចំនួនយល់ថាលួចបទគេ ចំលងគេ,Positive ,1.0
40,ម៉េចក៏ចូលចិត្តចម្លងតែពី គេ,Negative ,0.0
41,បើចង់ផ្សព្វផ្សាយអោយម្ចាស់ដើមច្រៀងល្អជាង ព្រោះមុនហ្នឹងល្បីរួចទៅហើយ តែពេលដូរអ្នកចម្រៀងចឹង ល្បីថែមទៀតតែគេរិះគន់វិញ,Negative ,0.0
42,ថតបានស្អាតចម្រៀងពិរោះប៉ុន្តែយ៉ាប់ត្រង់មានឡាបូបូធ្វើឲ្យទាញតម្លៃបទចម្រៀងធ្លាក់ចុះ,Positive ,1.0
43,ស្ដាប់មិនចូលទេ,Negative ,0.0
44,តែអ្នកកូពីដូចឆ្កួតទាំងmcទាំងអ្នកច្រៀង,Negative ,0.0
45,មើលទឹកមុខដូចបង្ខំអោយនិយាយ,Negative ,0.0
46,បើចេះស្ទើធ្វើភ្លើល្អជាង(សុភាសិតខ្មែរ),Negative ,0.0
47,មិនបាច់ចេញទេ,Negative ,0.0
48,លុបណាវ៉ាតត្រាចេញទៅបង,Negative ,0.0
49,សួរថាចត់បាយអត់?,Negative ,0.0
50,បទសែកមន្តហ្នឹងអ្នកណាជាអ្នកនិពន្ធ? ហើយប្រកាសថាខ្លួនឯងជាម្ចាស់កម្មសិទ្ធថែមទៀតផង ប្រាកដអត់លោក?,Negative ,0.0
51,និពន្ធដូចខ្មោច,Negative ,0.0
52,អគុណបងដែលបានបកស្រាយ,Positive ,1.0
53,ងាប់នឹងគេបង្វែររឿងនឹងទៅខ្មែរ,Negative ,0.0
54,ពិតជាមានន័យណាស់បង,Positive ,1.0
55,​វា​ហាក់​ដូចជា​ហត់នឿយ​ពេក​ហើយ,Negative,0.0
56,គ្មាន​ការលើក​ទឹក​ចិត្ត​បាន​ត្រឹម​តែ​ ពាក្យ​ធ្វើ​ឲ្យ​បាក់​ទឹក​ចិត្ត,Negative,0.0
57,ខ្ញុំចង់និយាយថាខ្ញុំស្រឡាញ់បទមួយនេះ,Positive ,1.0
58,គ្រប់បទរបស់គាត់មានពាក្យចុងជួនល្អណាស់ហើយមានអត្ថន័យទៀត,Positive ,1.0
59,គ្រាន់ថាគេល្អជាងបងហ៎? ម៉េចបានទឹកភ្នែកដោយសារគេបែបនឹង,Negative,0.0
60,គេនោះល្អជាងបងឆ្ងាយណាស់,Negative,0.0
61,សង្សារទុំសុំបែកហើយស្តាប់បត់និង,Negative,0.0
62,អារម្មណ៍ពេលមានមនុស្សទី3,Negative,0.0
63,សុំកុំទុកខ្ញុំជាមនុស្សទីបី,Negative,0.0
64,មនុស្សសម័យនេះប្រែប្រួលអស់ហើយ ព្រមទាំងមនុស្សខ្ញុំស្រលាញ់,Negative,0.0
65,គ្រាំទ្រអោយពួកប្អូនរៀនហាត់បន្ថែម,Positive ,1.0
66,ហេតុអ្វីក៏អូនលួចអ្នកថ្មី,Negative,0.0
67,ខ្ញុំអ្នកកម្ពុជាក្រោមជំរាបសួរបងប្អូនខ្មែរយើងទាំងអស់គ្នាបាទ!សូមជួបតែសំណាងល្អទាំងអស់គ្នា,Positive ,1.0
68,ខ្មែរយើងត្រូវតែខ្លាំងកុំអោយអ្នកជិតខាងយើងគេមើលងាយយើង,Positive ,1.0
69,ក្មេងជំនាន់ក្រោយសម្ថភាពកាន់តែខ្លាំងហើយ,Positive ,1.0
70,បទស្អីចឹងស្មានតែឡូយណាស់មែន,Negative,0.0
71,ខ្ញុំចូរចិត្តពីនឹងណាស់,Positive ,1.0
72,ខ្ញុំស្ដាប់មិនចេះធុញទេ,Positive ,1.0
73,ស្ដាប់ហើយមានអារម្មណ៍ស្រស់ស្រាយ,Positive ,1.0
74,ស្ដាប់បទនឹងហើយមានអារម្ភល្អម៉ង,Positive ,1.0
75,ស្តាប់ហើយរំភើបចង់មានស្នេហ៍កាន់ដៃគ្នារហូតតទៅ,Positive ,1.0
76,ការទិញនៅលើគេហទំព័រយ៉ាងងាយស្រួល។,Positive,1.0
77,ខ្ញុំមិនពេញចិត្តជាមួយបទចម្រៀងនេះ។,Negative,0.0
78,បរិយាកាសនៅហាងនេះមិនល្អ។,Negative,0.0
79,រឿងថ្មីនេះធ្វើឱ្យខ្ញុំខកចិត្ត។,Negative,0.0
80,ខ្ញុំចូលចិត្តម៉ាកនេះជាពិសេស។,Positive,1.0
81,ខ្ញុំបានទទួលទំនិញយ៉ាងឆាប់រហ័ស។,Positive,1.0
82,ការបម្រើអតិថិជននៅទីនេះគឺល្អឥតខ្ចោះ។,Positive,1.0
83,បទថ្មីនេះមិនទាក់ចិត្ត។,Negative,0.0
84,ការសម្តែងរបស់តារាសម្តែងគ្មានគុណភាព។,Negative,0.0
85,បទចម្រៀងនេះប៉ះដល់ចិត្តយ៉ាងខ្លាំង។,Positive,1.0
86,ខ្ញុំមានបទពិសោធន៍អាក្រក់ជាមួយសេវាកម្មនេះ។,Negative,0.0
87,ខ្ញុំមានបទពិសោធន៍ល្អជាមួយសេវាកម្មនេះ។,Positive,1.0
88,ខ្ញុំពិតជាផ្អែមល្ហែមជាមួយបទចម្រៀងថ្មីនេះ។,Positive,1.0
89,សេវាកម្មយ៉ាងល្អប្រសើរ។,Positive,1.0
90,សេវាកម្មមិនទាន់បំពេញតាមចិត្តទេ។,Negative,0.0
91,ខ្ញុំពិតជាផ្អែមល្ហែមជាមួយបទចម្រៀងថ្មីនេះ។,Positive,1.0
92,ខ្ញុំពិតជាផ្អែមល្ហែមជាមួយបទចម្រៀងថ្មីនេះ។,Positive,1.0
93,រឿងថ្មីនេះធ្វើឱ្យខ្ញុំខកចិត្ត។,Negative,0.0
94,បទថ្មីនេះមិនទាក់ចិត្ត។,Negative,0.0
95,ការទិញនៅលើគេហទំព័រយ៉ាងងាយស្រួល។,Positive,1.0
96,សេវាកម្មយ៉ាងល្អប្រសើរ។,Positive,1.0
97,ខ្ញុំពិតជាផ្អែមល្ហែមជាមួយបទចម្រៀងថ្មីនេះ។,Positive,1.0
98,ការសម្តែងនៅលើឆាកមិនអាចទាញយកភ្នែកចេញបាន។,Positive,1.0
99,សេវាកម្មនេះធ្វើឱ្យខ្ញុំមានអារម្មណ៍ពេញចិត្ត។,Positive,1.0
100,សេវាកម្មយ៉ាងល្អប្រសើរ។,Positive,1.0
101,ការបម្រើអតិថិជនយឺតខ្លាំង។,Negative,0.0
102,ការទិញនៅលើគេហទំព័រមិនងាយស្រួល។,Negative,0.0
103,ការបម្រើអតិថិជននៅទីនេះគឺល្អឥតខ្ចោះ។,Positive,1.0
104,ការចាក់សម្លេងមានគុណភាពខ្ពស់។,Positive,1.0
105,ការសម្តែងនៅលើឆាកមិនអាចទាញយកភ្នែកចេញបាន។,Positive,1.0
106,ការទិញនៅលើគេហទំព័រមិនងាយស្រួល។,Negative,0.0
107,សេវាកម្មនេះធ្វើឱ្យខ្ញុំមានអារម្មណ៍ពេញចិត្ត។,Positive,1.0
108,ការទិញនៅលើគេហទំព័រមិនងាយស្រួល។,Negative,0.0
109,ការសម្តែងនៅលើឆាកមិនអាចទាញយកភ្នែកចេញបាន។,Positive,1.0
110,សេវាកម្មយ៉ាងល្អប្រសើរ។,Positive,1.0
111,សេវាកម្មនេះធ្វើឱ្យខ្ញុំមានអារម្មណ៍ពេញចិត្ត។,Positive,1.0
112,ភាពយន្តនេះធុញទ្រាន់។,Negative,0.0
113,ភាពយន្តនេះធុញទ្រាន់។,Negative,0.0
114,ការបម្រើអតិថិជនយឺតខ្លាំង។,Negative,0.0
115,បរិយាកាសនៅហាងនេះមិនល្អ។,Negative,0.0
116,សេវាកម្មយ៉ាងល្អប្រសើរ។,Positive,1.0
117,ការចាក់សម្លេងមានគុណភាពខ្ពស់។,Positive,1.0
118,គុណភាពទំនិញល្អណាស់។,Positive,1.0
119,ការចាក់សម្លេងមានបញ្ហា។,Negative,0.0
120,សេវាកម្មមិនទាន់បំពេញតាមចិត្តទេ។,Negative,0.0
121,សេវាកម្មនេះធ្វើឱ្យខ្ញុំខកចិត្ត។,Negative,0.0
122,ខ្ញុំចូលចិត្តម៉ាកនេះជាពិសេស។,Positive,1.0
123,ការចាក់សម្លេងមានបញ្ហា។,Negative,0.0
124,សេវាកម្មមិនទាន់បំពេញតាមចិត្តទេ។,Negative,0.0
125,បទចម្រៀងនេះឆ្លៀតចិត្ត។,Positive,1.0
126,សេវាកម្មមិនទាន់បំពេញតាមចិត្តទេ។,Negative,0.0
127,ភាពយន្តនេះធុញទ្រាន់។,Negative,0.0
128,បទចម្រៀងនេះមិនមានអារម្មណ៍។,Negative,0.0
129,សេវាកម្មមិនទាន់បំពេញតាមចិត្តទេ។,Negative,0.0
130,ខ្ញុំមិនបានទទួលទំនិញតាមពេលកំណត់។,Negative,0.0
131,ការដឹកជញ្ជូនយឺត។,Negative,0.0
132,រឿងថ្មីនេះធ្វើឱ្យខ្ញុំខកចិត្ត។,Negative,0.0
133,ផលិតផលនេះគុណភាពល្អណាស់។,Positive,1.0
134,គុណភាពទំនិញល្អណាស់។,Positive,1.0
135,ការដឹកជញ្ជូនយឺត។,Negative,0.0
136,ភាពយន្តនេះធុញទ្រាន់។,Negative,0.0
137,គុណភាពទំនិញមិនគួរជឿ។,Negative,0.0
138,រឿងថ្មីនេះធ្វើឱ្យខ្ញុំខកចិត្ត។,Negative,0.0
139,បទថ្មីនេះមិនទាក់ចិត្ត។,Negative,0.0
140,ការដឹកជញ្ជូនលឿនល្អឥតខ្ចោះ។,Positive,1.0
141,ខ្ញុំបានទទួលទំនិញយ៉ាងឆាប់រហ័ស។,Positive,1.0
142,ខ្ញុំមិនបានទទួលទំនិញតាមពេលកំណត់។,Negative,0.0
143,រឿងថ្មីនេះធ្វើឱ្យខ្ញុំខកចិត្ត។,Negative,0.0
144,រឿងថ្មីនេះល្អឥតខ្ចោះ។,Positive,1.0
145,ការទិញនៅលើគេហទំព័រមិនងាយស្រួល។,Negative,0.0
146,ការសម្តែងរបស់តារាសម្តែងគួរឱ្យសរសើរ។,Positive,1.0
147,ខ្ញុំមិនបានទទួលទំនិញតាមពេលកំណត់។,Negative,0.0
148,ការចាក់សម្លេងមានបញ្ហា។,Negative,0.0
149,រឿងថ្មីនេះធ្វើឱ្យខ្ញុំខកចិត្ត។,Negative,0.0
150,ការចាក់សម្លេងមានបញ្ហា។,Negative,0.0
151,រឿងថ្មីនេះធ្វើឱ្យខ្ញុំខកចិត្ត។,Negative,0.0
152,ការសម្តែងនៅលើឆាកធុញទ្រាន់។,Negative,0.0
153,បទចម្រៀងនេះមិនមានអារម្មណ៍។,Negative,0.0
154,ខ្ញុំបានទទួលទំនិញយ៉ាងឆាប់រហ័ស។,Positive,1.0
155,សេវាកម្មនេះធ្វើឱ្យខ្ញុំខកចិត្ត។,Negative,0.0
156,សេវាកម្មយ៉ាងល្អប្រសើរ។,Positive,1.0
157,រឿងថ្មីនេះធ្វើឱ្យខ្ញុំខកចិត្ត។,Negative,0.0
158,ខ្ញុំមានបទពិសោធន៍ល្អជាមួយសេវាកម្មនេះ។,Positive,1.0
159,ភាពយន្តនេះល្អលើសការរំពឹងទុក។,Positive,1.0
160,ខ្ញុំបានទទួលទំនិញយ៉ាងឆាប់រហ័ស។,Positive,1.0
161,បទចម្រៀងនេះឆ្លៀតចិត្ត។,Positive,1.0
162,សេវាកម្មយ៉ាងល្អប្រសើរ។,Positive,1.0
163,បទចម្រៀងនេះប៉ះដល់ចិត្តយ៉ាងខ្លាំង។,Positive,1.0
164,រឿងថ្មីនេះធ្វើឱ្យខ្ញុំខកចិត្ត។,Negative,0.0
165,ការបម្រើអតិថិជនយឺតខ្លាំង។,Negative,0.0
166,ការបម្រើអតិថិជននៅទីនេះគឺល្អឥតខ្ចោះ។,Positive,1.0
167,គុណភាពទំនិញល្អណាស់។,Positive,1.0
168,ខ្ញុំមិនពេញចិត្តជាមួយបទចម្រៀងនេះ។,Negative,0.0
169,បទចម្រៀងនេះឆ្លៀតចិត្ត។,Positive,1.0
170,សេវាកម្មនេះធ្វើឱ្យខ្ញុំមានអារម្មណ៍ពេញចិត្ត។,Positive,1.0
171,ខ្ញុំមានបទពិសោធន៍អាក្រក់ជាមួយសេវាកម្មនេះ។,Negative,0.0
172,ភាពយន្តនេះល្អលើសការរំពឹងទុក។,Positive,1.0
173,ខ្ញុំមានបទពិសោធន៍ល្អជាមួយសេវាកម្មនេះ។,Positive,1.0
174,រឿងថ្មីនេះធ្វើឱ្យខ្ញុំខកចិត្ត។,Negative,0.0
175,ការដឹកជញ្ជូនយឺត។,Negative,0.0
176,បទចម្រៀងនេះប៉ះដល់ចិត្តយ៉ាងខ្លាំង។,Positive,1.0
177,ការសម្តែងរបស់តារាសម្តែងគួរឱ្យសរសើរ។,Positive,1.0
178,ការសម្តែងនៅលើឆាកធុញទ្រាន់។,Negative,0.0
179,ការទិញនៅលើគេហទំព័រយ៉ាងងាយស្រួល។,Positive,1.0
180,ការទិញនៅលើគេហទំព័រយ៉ាងងាយស្រួល។,Positive,1.0
181,ភាពយន្តនេះធុញទ្រាន់។,Negative,0.0
182,ភាពយន្តនេះធុញទ្រាន់។,Negative,0.0
183,សេវាកម្មនេះធ្វើឱ្យខ្ញុំខកចិត្ត។,Negative,0.0
184,បទចម្រៀងនេះប៉ះដល់ចិត្តយ៉ាងខ្លាំង។,Positive,1.0
185,ខ្ញុំមិនពេញចិត្តជាមួយបទចម្រៀងនេះ។,Negative,0.0
186,សេវាកម្មយ៉ាងល្អប្រសើរ។,Positive,1.0
187,បទចម្រៀងនេះមិនល្អ។,Negative,0.0
188,បទចម្រៀងនេះប៉ះដល់ចិត្តយ៉ាងខ្លាំង។,Positive,1.0
189,ខ្ញុំមិនបានទទួលទំនិញតាមពេលកំណត់។,Negative,0.0
190,ការបម្រើអតិថិជនយឺតខ្លាំង។,Negative,0.0
191,រឿងថ្មីនេះល្អឥតខ្ចោះ។,Positive,1.0
192,ខ្ញុំមានបទពិសោធន៍អាក្រក់ជាមួយសេវាកម្មនេះ។,Negative,0.0
193,ការទិញនៅលើគេហទំព័រយ៉ាងងាយស្រួល។,Positive,1.0
194,ខ្ញុំមានបទពិសោធន៍អាក្រក់ជាមួយសេវាកម្មនេះ។,Negative,0.0
195,ភាពយន្តនេះល្អលើសការរំពឹងទុក។,Positive,1.0
196,បរិយាកាសនៅហាងនេះល្អឥតខ្ចោះ។,Positive,1.0
197,ការសម្តែងនៅលើឆាកមិនអាចទាញយកភ្នែកចេញបាន។,Positive,1.0
198,បទថ្មីនេះមិនទាក់ចិត្ត។,Negative,0.0
199,បទចម្រៀងនេះមិនល្អ។,Negative,0.0
200,ភាពយន្តនេះធុញទ្រាន់។,Negative,0.0
201,ផលិតផលនេះគុណភាពទាប។,Negative,0.0
202,សេវាកម្មនេះធ្វើឱ្យខ្ញុំមានអារម្មណ៍ពេញចិត្ត។,Positive,1.0
203,ការដឹកជញ្ជូនយឺត។,Negative,0.0
204,បទថ្មីនេះមានទាស់។,Positive,1.0
205,ការសម្តែងរបស់តារាសម្តែងគ្មានគុណភាព។,Negative,0.0
206,ការដឹកជញ្ជូនយឺត។,Negative,0.0
207,ការសម្តែងនៅលើឆាកធុញទ្រាន់។,Negative,0.0
208,គុណភាពទំនិញល្អណាស់។,Positive,1.0
209,ការទិញនៅលើគេហទំព័រយ៉ាងងាយស្រួល។,Positive,1.0
210,បទថ្មីនេះមានទាស់។,Positive,1.0
211,ភាពយន្តនេះធុញទ្រាន់។,Negative,0.0
212,បទចម្រៀងនេះមិនល្អ។,Negative,0.0
213,ការបម្រើអតិថិជននៅទីនេះគឺល្អឥតខ្ចោះ។,Positive,1.0
214,បទចម្រៀងនេះឆ្លៀតចិត្ត។,Positive,1.0
215,ខ្ញុំមានបទពិសោធន៍អាក្រក់ជាមួយសេវាកម្មនេះ។,Negative,0.0
216,ខ្ញុំមិនពេញចិត្តជាមួយបទចម្រៀងនេះ។,Negative,0.0
217,បទចម្រៀងនេះមិនមានអារម្មណ៍។,Negative,0.0
218,ការទិញនៅលើគេហទំព័រមិនងាយស្រួល។,Negative,0.0
219,ការសម្តែងរបស់តារាសម្តែងគួរឱ្យសរសើរ។,Positive,1.0
220,ភាពយន្តនេះធុញទ្រាន់។,Negative,0.0
221,បរិយាកាសនៅហាងនេះល្អឥតខ្ចោះ។,Positive,1.0
222,ខ្ញុំមិនពេញចិត្តជាមួយបទចម្រៀងនេះ។,Negative,0.0
223,ការចាក់សម្លេងមានគុណភាពខ្ពស់។,Positive,1.0
224,ខ្ញុំមិនបានទទួលទំនិញតាមពេលកំណត់។,Negative,0.0
225,ខ្ញុំមានបទពិសោធន៍អាក្រក់ជាមួយសេវាកម្មនេះ។,Negative,0.0
226,ការសម្តែងរបស់តារាសម្តែងគួរឱ្យសរសើរ។,Positive,1.0
227,បទថ្មីនេះមានទាស់។,Positive,1.0
228,ខ្ញុំចូលចិត្តម៉ាកនេះជាពិសេស។,Positive,1.0
229,ការសម្តែងនៅលើឆាកធុញទ្រាន់។,Negative,0.0
230,ភាពយន្តនេះធុញទ្រាន់។,Negative,0.0
231,សេវាកម្មនេះធ្វើឱ្យខ្ញុំមានអារម្មណ៍ពេញចិត្ត។,Positive,1.0
232,ខ្ញុំពិតជាផ្អែមល្ហែមជាមួយបទចម្រៀងថ្មីនេះ។,Positive,1.0
233,ខ្ញុំចូលចិត្តម៉ាកនេះជាពិសេស។,Positive,1.0
234,ភាពយន្តនេះធុញទ្រាន់។,Negative,0.0
235,គុណភាពទំនិញល្អណាស់។,Positive,1.0
236,ផលិតផលនេះគុណភាពល្អណាស់។,Positive,1.0
237,ផលិតផលនេះគុណភាពទាប។,Negative,0.0
238,ការបម្រើអតិថិជនយឺតខ្លាំង។,Negative,0.0
239,ការទិញនៅលើគេហទំព័រមិនងាយស្រួល។,Negative,0.0
240,រឿងថ្មីនេះធ្វើឱ្យខ្ញុំខកចិត្ត។,Negative,0.0
241,ផលិតផលនេះគុណភាពទាប។,Negative,0.0
242,ការចាក់សម្លេងមានគុណភាពខ្ពស់។,Positive,1.0
243,បទចម្រៀងនេះឆ្លៀតចិត្ត។,Positive,1.0
244,ខ្ញុំពិតជាផ្អែមល្ហែមជាមួយបទចម្រៀងថ្មីនេះ។,Positive,1.0
245,បទចម្រៀងនេះមិនល្អ។,Negative,0.0
246,ខ្ញុំមានបទពិសោធន៍អាក្រក់ជាមួយសេវាកម្មនេះ។,Negative,0.0
247,ខ្ញុំបានទទួលទំនិញយ៉ាងឆាប់រហ័ស។,Positive,1.0
248,ការទិញនៅលើគេហទំព័រយ៉ាងងាយស្រួល។,Positive,1.0
249,ការសម្តែងនៅលើឆាកមិនអាចទាញយកភ្នែកចេញបាន។,Positive,1.0
250,ខ្ញុំមិនបានទទួលទំនិញតាមពេលកំណត់។,Negative,0.0
251,រឿងថ្មីនេះល្អឥតខ្ចោះ។,Positive,1.0
252,បទថ្មីនេះមានទាស់។,Positive,1.0
253,ការសម្តែងនៅលើឆាកមិនអាចទាញយកភ្នែកចេញបាន។,Positive,1.0
254,សេវាកម្មនេះធ្វើឱ្យខ្ញុំខកចិត្ត។,Negative,0.0
255,ការចាក់សម្លេងមានគុណភាពខ្ពស់។,Positive,1.0
256,បទចម្រៀងនេះឆ្លៀតចិត្ត។,Positive,1.0
257,ការដឹកជញ្ជូនលឿនល្អឥតខ្ចោះ។,Positive,1.0
258,ការសម្តែងរបស់តារាសម្តែងគួរឱ្យសរសើរ។,Positive,1.0
259,ការសម្តែងរបស់តារាសម្តែងគ្មានគុណភាព។,Negative,0.0
260,ការបម្រើអតិថិជននៅទីនេះគឺល្អឥតខ្ចោះ។,Positive,1.0
261,បទចម្រៀងនេះប៉ះដល់ចិត្តយ៉ាងខ្លាំង។,Positive,1.0
262,បទថ្មីនេះមិនទាក់ចិត្ត។,Negative,0.0
263,ការបម្រើអតិថិជនយឺតខ្លាំង។,Negative,0.0
264,ម៉ាកនេះមិនគួរជឿទុកចិត្ត។,Negative,0.0
265,បទចម្រៀងនេះឆ្លៀតចិត្ត។,Positive,1.0
266,ខ្ញុំមានបទពិសោធន៍អាក្រក់ជាមួយសេវាកម្មនេះ។,Negative,0.0
267,ការសម្តែងនៅលើឆាកមិនអាចទាញយកភ្នែកចេញបាន។,Positive,1.0
268,ខ្ញុំមានបទពិសោធន៍ល្អជាមួយសេវាកម្មនេះ។,Positive,1.0
269,ភាពយន្តនេះធុញទ្រាន់។,Negative,0.0
270,ខ្ញុំចូលចិត្តម៉ាកនេះជាពិសេស។,Positive,1.0
271,បទថ្មីនេះមានទាស់។,Positive,1.0
272,បទចម្រៀងនេះឆ្លៀតចិត្ត។,Positive,1.0
273,ការសម្តែងរបស់តារាសម្តែងគ្មានគុណភាព។,Negative,0.0
274,សេវាកម្មមិនទាន់បំពេញតាមចិត្តទេ។,Negative,0.0
275,រឿងថ្មីនេះល្អឥតខ្ចោះ។,Positive,1.0
276,នំប៉័ងនេះមានរសជាតិឆ្ងាញ់ណាស់ ស្រស់ៗ និងមានក្លិនឈ្ងុយ,Positive,1.0
277,សេវាកម្មនៅហាងនេះគួរឱ្យខកចិត្តណាស់ បុគ្គលិកមិនសូវយកចិត្តទុកដាក់,Negative,0.0
278,ខ្សែភាពយន្តថ្មីនេះធ្វើបានល្អណាស់ តួសម្ដែងពូកែៗ រឿងរ៉ាវគួរឱ្យចាប់អារម្មណ៍,Positive,1.0
279,តម្លៃទំនិញថ្លៃពេក មិនសមនឹងគុណភាពទេ,Negative,0.0
281,កម្មវិធីតន្ត្រីមិនសូវពិរោះ អ្នកចម្រៀងច្រៀងមិនចំណង្វាក់,Negative,0.0
282,ទូរស័ព្ទថ្មីនេះប្រើប្រាស់ងាយស្រួល ថ្មល្អ កាមេរ៉ាច្បាស់,Positive,1.0
285,សម្លៀកបំពាក់គុណភាពអន់ ថ្លៃហើយរែកលុយមួយខែ,Negative,0.0
286,ជាងកាត់សក់មានជំនាញខ្ពស់ កាត់បានស្អាតត្រូវចិត្ត,Positive,1.0
287,តន្ត្រីកម្សាន្តនៅក្លឹបនេះពិរោះណាស់ បទចម្រៀងទាន់សម័យ,Positive,1.0
288,កាបូបថ្មីនេះគុណភាពល្អណាស់ ធន់ហើយស្អាត,Positive,1.0
289,សេវាកម្មអតិថិជនមិនល្អ រង់ចាំយូរពេក,Negative,0.0
290,កម្មវិធីទូរទស្សន៍នេះគួរឱ្យចាប់អារម្មណ៍ណាស់ មានការច្នៃប្រឌិតខ្ពស់,Positive,1.0
291,ស្មាតហ្វូននេះថ្មបានរយៈពេលខ្លីណាស់ មិនសមនឹងតម្លៃ,Negative,0.0
293,ភាពយន្តនេះធ្វើឱ្យខ្ញុំអស់សំណើច សម្តែងបានល្អណាស់,Positive,1.0
294,ទូរទស្សន៍ថ្មីនេះមានបញ្ហាច្រើន ត្រូវជួសជុលច្រើនដង,Negative,0.0
295,សេវាកម្មស្ប៉ាល្អណាស់ បុគ្គលិកមានជំនាញខ្ពស់,Positive,1.0
297,គុណភាពសម្លៀកបំពាក់ល្អណាស់ តម្លៃសមរម្យ,Positive,1.0
298,បុគ្គលិកធនាគារមិនសូវរួសរាយ ធ្វើការយឺតយ៉ាវ,Negative,0.0
299,កម្មវិធីប្រគំតន្ត្រីមិនសូវល្អ អ្នកចម្រៀងច្រៀងពាក់អត់សូវពិរោះ,Negative,0.0
300,ទូរស័ព្ទនេះមានមុខងារច្រើន ប្រើប្រាស់ងាយស្រួល,Positive,1.0
302,រឿងភាគថ្មីនេះគួរឱ្យចាប់អារម្មណ៍ តួឯកសម្តែងពូកែ,Positive,1.0
303,កាមេរ៉ាថ្មីនេះថតរូបមិនសូវច្បាស់ ប្រើការមិនបានយូរ,Negative,0.0
304,សេវាកម្មជួសជុលល្អណាស់ ជាងមានជំនាញ,Positive,1.0
305,ភាពយន្តនេះធ្វើឱ្យខ្ញុំខកចិត្តណាស់ ចំណាយពេលមើលឥតប្រយោជន៍,Negative,0.0
306,ទូរទស្សន៍នេះមានគុណភាពល្អ រូបភាពច្បាស់,Positive,1.0
307,សណ្ឋាគារនេះមានសេវាកម្មល្អណាស់ បុគ្គលិកមានវិជ្ជាជីវៈខ្ពស់,Positive,1.0
308,កម្មវិធីសិល្បៈនេះគួរឱ្យចាប់អារម្មណ៍ មានការច្នៃប្រឌិតថ្មី,Positive,1.0
309,គុណភាពឈុតការងារមិនល្អ កាត់ដេរមិនស្អាត,Negative,0.0
311,ការសម្តែងរបស់តារាចម្រៀងនេះអស្ចារ្យណាស់ សំឡេងពីរោះ,Positive,1.0
312,ទូរស័ព្ទនេះលេងហ្គេមរអិល ប្រព័ន្ធដំណើរការយឺត,Negative,0.0
313,សេវាកម្មហាងកាត់សក់ល្អណាស់ តម្លៃសមរម្យ,Positive,1.0
315,ម៉ាស៊ីនត្រជាក់នេះត្រជាក់ល្អណាស់ សន្សំសំចៃថាមពល,Positive,1.0
316,សេវាកម្មអ៊ីនធឺណិតដំណើរការមិនល្អ ភ្ជាប់ដាច់ៗ,Negative,0.0
317,កម្មវិធីរាំនេះរីករាយណាស់ អ្នកចូលរួមសប្បាយ,Positive,1.0
318,កង់ថ្មីនេះប្រើការបានល្អណាស់ តម្លៃសមរម្យ,Positive,1.0
319,សេវាកម្មជួសជុលយឺតយ៉ាវ តម្លៃថ្លៃពេក,Negative,0.0
320,ការសម្តែងរបាំប្រពៃណីនេះល្អណាស់ សិល្បៈករមានទេពកោសល្យ,Positive,1.0
321,កុំព្យូទ័រនេះដំណើរការយឺត មិនស័ក្តិសមនឹងតម្លៃ,Negative,0.0
322,សេវាកម្មបោកគក់ល្អណាស់ ខោអាវស្អាត,Positive,1.0
323,តន្ត្រីនៅក្លឹបនេះឮខ្លាំងពេក មិនអាចជជែកគ្នាបាន,Negative,0.0
324,ទូរទឹកកកនេះត្រជាក់ល្អ ប្រើថាមពលតិច,Positive,1.0
326,ព្រឹត្តិការណ៍កីឡានេះគួរឱ្យរំភើប កីឡាករលេងពូកែ,Positive,1.0
327,វិទ្យុនេះស្តាប់មិនសូវច្បាស់ មានសំឡេងរំខាន,Negative,0.0
328,សេវាកម្មធានារ៉ាប់រងល្អណាស់ មានភាពងាយស្រួល,Positive,1.0
329,កម្មវិធីសម្តែងសៀកនេះអស្ចារ្យណាស់ សិល្បៈករសម្តែងបានល្អ,Positive,1.0
330,ម៉ូតូថ្មីនេះប្រើប្រេងច្រើន ថែទាំពិបាក,Negative,0.0
332,ការប្រកួតបាល់ទាត់នេះគួរឱ្យរំភើប ក្រុមទាំងពីរលេងល្អ,Positive,1.0
333,ម៉ាស៊ីនបោកគក់នេះសំឡេងខ្លាំង ប្រើអគ្គិសនីច្រើន,Negative,0.0
334,សេវាកម្មជួលរថយន្តល្អណាស់ ឡានថ្មី ស្អាត,Positive,1.0
335,ការសម្តែងល្ខោននេះគួរឱ្យធុញ រឿងវែងពេក,Negative,0.0
336,កៅអីការិយាល័យនេះផាសុខណាស់ គុណភាពល្អ,Positive,1.0
338,ការសម្តែងសៀកនេះល្អណាស់ មានការច្នៃប្រឌិតថ្មី,Positive,1.0
339,ទូរស័ព្ទនេះថតរូបស្អាត ប្រើប្រាស់ងាយស្រួល,Positive,1.0
340,សេវាកម្មដឹកជញ្ជូនយឺតយ៉ាវ ទំនិញខូចខាត,Negative,0.0
341,ភាពយន្តឯកសារនេះផ្តល់ចំណេះដឹងល្អ,Positive,1.0
342,កាបូបស្បែកនេះដេរមិនស្អាត ប្រេះបែកលឿន,Negative,0.0
343,សេវាកម្មសម្អាតផ្ទះល្អណាស់ បុគ្គលិកខិតខំធ្វើការ,Positive,1.0
344,កម្មវិធីចម្រៀងនេះមិនសូវទាក់ទាញ បទចាស់ៗច្រើន,Negative,0.0
345,ម៉ាស៊ីនត្រជាក់នេះមិនសូវត្រជាក់ ប្រើអគ្គិសនីច្រើន,Negative,0.0
346,សេវាកម្មអ៊ីនធឺណិតល្បឿនលឿន តម្លៃសមរម្យ,Positive,1.0
347,ផលិតផលថ្មីនេះប្រើប្រាស់បានល្អណាស់ អស្ចារ្យមែនទែន,Positive,1.0
348,ភោជនីយដ្ឋាននេះមិនសូវស្អាត ម្ហូបក៏មិនឆ្ងាញ់ដែរ,Negative,0.0
349,សម្តែងបទចម្រៀងបានពីរោះណាស់ ពិតជាមានទេពកោសល្យ,Positive,1.0
350,សម្ភារៈការិយាល័យទាំងនេះគុណភាពអន់ណាស់ ខូចលឿន,Negative,0.0
352,កម្មវិធីសិល្បៈនេះមិនសូវទាក់ទាញ អ្នកសម្តែងនៅខ្វះបទពិសោធន៍,Negative,0.0
353,ម៉ូតូម៉ាកថ្មីនេះបើកស្រួល សន្សំសំចៃប្រេងសាំង,Positive,1.0
354,អ្នកបើកតាក់ស៊ីនេះមានអធ្យាស្រ័យល្អ និយាយស្តីសមរម្យ,Positive,1.0
355,រោងកុននេះកៅអីស្រួលអង្គុយ ម៉ាស៊ីនបញ្ចាំងល្អ,Positive,1.0
356,ទូរស័ព្ទស្មាតហ្វូននេះឆាប់ហោះថ្ម មិនសមនឹងតម្លៃ,Negative,0.0
357,សេវាកម្មសម្អាតការិយាល័យមិនទៀងទាត់ ធ្វើការមិនម៉ត់ចត់,Negative,0.0
358,កម្មវិធីប្រគំតន្ត្រីនេះរៀបចំបានល្អ អ្នកចូលរួមច្រើន,Positive,1.0
359,ទូរទស្សន៍ស្មាតធីវីនេះងាយស្រួលប្រើ រូបភាពច្បាស់ស្អាត,Positive,1.0
360,ហាងកាត់សក់នេះកាត់មិនស្អាត តម្លៃថ្លៃទៀត,Negative,0.0
361,ភាពយន្តរឿងនេះមានខ្លឹមសារល្អ បង្រៀនមេរៀនជីវិត,Positive,1.0
364,កម្មវិធីរាំកម្សាន្តនេះសប្បាយណាស់ តន្ត្រីពិរោះ,Positive,1.0
365,ម៉ាស៊ីនត្រជាក់នេះមិនសូវត្រជាក់ ប្រើអគ្គិសនីច្រើន,Negative,0.0
366,គ្លីនិកធ្មេញនេះមានពេទ្យជំនាញ តម្លៃសមរម្យ,Positive,1.0
367,ការប្រកួតបាល់ទាត់នេះគួរឱ្យរំភើប ក្រុមទាំងពីរលេងល្អ,Positive,1.0
368,កង់អគ្គិសនីនេះបើកលឿន ថ្មប្រើបានយូរ,Positive,1.0
369,សេវាកម្មជួសជុលផ្ទះមិនល្អ ជាងធ្វើការមិនស្អាត,Negative,0.0
371,ទូទឹកកកនេះត្រជាក់ល្អ សន្សំសំចៃថាមពល,Positive,1.0
372,សេវាកម្មក្រុមហ៊ុនដឹកជញ្ជូនយឺតយ៉ាវ ទំនិញខូចខាត,Negative,0.0
373,ការសម្តែងរបាំប្រពៃណីនេះស្រស់ស្អាត មានអត្ថន័យ,Positive,1.0
374,ម៉ាស៊ីនបោកខោអាវនេះសំអាតស្អាត មិនខូចខាតសម្លៀកបំពាក់,Positive,1.0
375,អ្នកថែសួនច្បារមិនសូវយកចិត្តទុកដាក់ ដើមឈើងាប់ច្រើន,Negative,0.0
376,លោ្ខននេះសម្តែងមិនសូវពូកែ អត់មានអារម្មណ៍,Negative,0.0
377,កុំព្យូទ័រនេះដំណើរការលឿន អេក្រង់ច្បាស់ល្អ,Positive,1.0
378,សេវាកម្មសណ្ឋាគារល្អណាស់ បុគ្គលិកមានវិជ្ជាជីវៈ,Positive,1.0
379,ការប្រកួតចម្រៀងនេះមិនយុត្តិធម៌ លម្អៀង,Negative,0.0
380,ស្បែកជើងកីឡានេះស្រួលពាក់ ថ្លៃតែសមតម្លៃ,Positive,1.0
381,សេវាកម្មអ៊ីនធឺណេតដំណើរការមិនល្អ ដាច់ញឹកញាប់,Negative,0.0
382,កម្មវិធីទូរទស្សន៍នេះមានខ្លឹមសារល្អ ពិសេសណាស់,Positive,1.0
383,ក្រដាសបោះពុម្ពនេះគុណភាពល្អ ពណ៌ស្អាត,Positive,1.0
384,សេវាកម្មជួសជុលម៉ូតូមានជំនាញ តម្លៃសមរម្យ,Positive,1.0
385,ភាពយន្តភាគនេះមានរឿងរ៉ាវគួរឱ្យចាប់អារម្មណ៍,Positive,1.0
387,សេវាកម្មធនាគារមានភាពយឺតយ៉ាវ រង់ចាំយូរ,Negative,0.0
388,កម្មវិធីសម្តែងសិល្បៈនេះមានការច្នៃប្រឌិតខ្ពស់,Positive,1.0
389,ឧបករណ៍អេឡិចត្រូនិកនេះប្រើការបានល្អ មានមុខងារច្រើន,Positive,1.0
390,សេវាកម្មថែទាំសម្ផស្សមិនល្អ បុគ្គលិកមិនមានជំនាញ,Negative,0.0
391,ការសម្តែងភ្លេងប្រពៃណីនេះពិរោះ រក្សាបាននូវវប្បធម៌,Positive,1.0
392,ទូរស័ព្ទនេះថតរូបមិនច្បាស់ អត់មានមុខងារទំនើបៗ,Negative,0.0
393,សេវាកម្មបោកគក់ល្អណាស់ សម្លៀកបំពាក់ស្អាត,Positive,1.0
394,កម្មវិធីរាំកម្សាន្តនេះមិនសូវសប្បាយ អ្នកចូលរួមតិច,Negative,0.0
395,គ្រឿងសង្ហារឹមនេះគុណភាពល្អ ប្រើប្រាស់បានយូរ,Positive,1.0
396,សេវាកម្មជួលរថយន្តមិនទុកចិត្ត រថយន្តចាស់ៗ,Negative,0.0
397,ការសម្តែងល្ខោននេះមានអត្ថន័យជ្រាលជ្រៅ សិល្បករសម្ដែងពូកែ,Positive,1.0
398,កាមេរ៉ាឌីជីថលនេះថតរូបបានស្អាតណាស់ ពណ៌ធម្មជាតិ,Positive,1.0
399,សេវាកម្មបញ្ជាទិញអនឡាញមានបញ្ហាច្រើន ប្រព័ន្ធដំណើរការមិនល្អ,Negative,0.0
400,ការសម្តែងរបស់តារាចម្រៀងម្នាក់នេះគួរឱ្យចាប់អារម្មណ៍ខ្លាំង,Positive,1.0
401,កង់ថ្មីនេះមិនស្រួលជិះ ហ្វ្រាំងមិនសូវល្អ,Negative,0.0
402,សេវាកម្មម្ហូបដល់ផ្ទះរហ័សទាន់ចិត្ត ម្ហូបក៏នៅក្តៅ,Positive,1.0
403,កម្មវិធីសិល្បៈវប្បធម៌នេះរៀបចំមិនបានល្អ,Negative,0.0
404,ទូរទស្សន៍ស្មាតធីវីនេះមានមុខងារទំនើបៗ គុណភាពខ្ពស់,Positive,1.0
405,គ្លីនិកធ្មេញនេះពេទ្យពិនិត្យមិនល្អិតល្អន់ តម្លៃថ្លៃពេក,Negative,0.0
406,ភាពយន្តភាគថ្មីនេះមានរឿងរ៉ាវគួរឱ្យចាប់អារម្មណ៍ខ្លាំង,Positive,1.0
407,ឧបករណ៍បាញ់ថ្នាំសម្លាប់សត្វល្អិតនេះប្រើការមិនបានល្អ,Negative,0.0
408,សេវាកម្មសណ្ឋាគារនេះល្អឥតខ្ចោះ បុគ្គលិកមានវិជ្ជាជីវៈខ្ពស់,Positive,1.0
409,កម្មវិធីប្រកួតកីឡានេះរៀបចំបានល្អណាស់,Positive,1.0
410,ម៉ាស៊ីនកិនស្រូវនេះធ្វើការលឿន គុណភាពល្អ,Positive,1.0
411,អ្នកដឹកជញ្ជូនឥវ៉ាន់មកយឺតពេល ហើយទំនិញខូចខាតទៀត,Negative,0.0
413,កៅអីការិយាល័យថ្មីនេះអង្គុយស្រួល ធ្វើពីឈើល្អ,Positive,1.0
414,សេវាកម្មជួសជុលទូរទស្សន៍នេះថ្លៃពេក ហើយជួសយូរទៀត,Negative,0.0
415,ការសម្តែងរបាំប្រពៃណីនេះធ្វើឱ្យយើងនឹកឃើញដល់អតីតកាល,Positive,1.0
416,ស្បែកជើងកីឡាថ្មីនេះពាក់ស្រួល ធន់ទៀតផង,Positive,1.0
418,ភាពយន្តរឿងនេះមើលទៅធុញ គ្មានរសជាតិ,Negative,0.0
419,ម៉ាស៊ីនបោកខោអាវនេះសំអាតស្អាត ប្រើថាមពលតិច,Positive,1.0
420,បុគ្គលិកធនាគារនេះនិយាយស្តីមិនសមរម្យ គ្មានវិជ្ជាជីវៈ,Negative,0.0
421,កម្មវិធីសម្តែងសៀកនេះគួរឱ្យទាក់ទាញ,Positive,1.0
422,ទូរស័ព្ទស្មាតហ្វូននេះថតរូបច្បាស់ល្អ ប្រើប្រាស់ងាយស្រួល,Positive,1.0
423,សេវាកម្មបង់វិក្កយបត្រមានភាពស្មុគស្មាញ ចំណាយពេលច្រើន,Negative,0.0
424,ការប្រកួតបាល់ទាត់នេះគួរឱ្យរំភើប កីឡាករលេងល្អ,Positive,1.0
425,ទូទឹកកកនេះប្រើថាមពលច្រើន តម្លៃមិនសមរម្យ,Negative,0.0
426,សេវាកម្មអ៊ីនធឺណិតល្បឿនលឿន តម្លៃសមរម្យ,Positive,1.0
427,ការសម្តែងល្ខោននេះគួរឱ្យចាប់អារម្មណ៍ សិល្បករសម្ដែងបានល្អ,Positive,1.0
428,កង់អគ្គិសនីនេះមានបញ្ហាច្រើន ជួសញឹកញាប់,Negative,0.0
429,សេវាកម្មជួសជុលទូទឹកកកនេះល្អណាស់ ជាងមានជំនាញ,Positive,1.0
430,ព្រឹត្តិការណ៍តន្ត្រីនេះមានការរៀបចំល្អ អ្នកចូលរួមច្រើន,Positive,1.0
431,គ្រឿងសង្ហារឹមនេះគុណភាពអន់ ងាយខូច,Negative,0.0
432,សេវាកម្មសម្អាតការិយាល័យមិនទៀងទាត់ ធ្វើការមិនស្អាត,Negative,0.0
433,កម្មវិធីប្រគំតន្ត្រីនេះមានការរៀបចំល្អ តន្ត្រីពិរោះ,Positive,1.0
434,ម៉ាស៊ីនកិនកាហ្វេនេះមានសំលេងរំខាន ប្រើការមិនបានយូរ,Negative,0.0
435,សេវាកម្មថែទាំសួនច្បារល្អណាស់ មើលទៅស្រស់ស្អាត,Positive,1.0
436,ការសម្តែងរបស់ក្រុមសិល្បៈនេះមានជំនាញខ្ពស់,Positive,1.0
437,ម៉ូតូថ្មីនេះបើកស្រួល សន្សំប្រេង តម្លៃសមរម្យ,Positive,1.0
438,សេវាកម្មជួលរថយន្តមិនល្អ រថយន្តចាស់ៗ សេវាកម្មយឺត,Negative,0.0
440,កាបូបថ្មីនេះមានគុណភាពល្អ ដេរយ៉ាងជាប់,Positive,1.0
441,សេវាកម្មម៉ាស្សាមិនល្អ អ្នកម៉ាស្សាគ្មានជំនាញ,Negative,0.0
442,ការសម្តែងរបាំនេះមានលក្ខណៈវិជ្ជាជីវៈខ្ពស់,Positive,1.0
443,ឧបករណ៍ភ្លេងថ្មីនេះមានគុណភាពល្អ សំឡេងពិរោះ,Positive,1.0
444,សេវាកម្មជួសជុលផ្ទះមានតម្លៃសមរម្យ ធ្វើការបានល្អ,Positive,1.0
445,កម្មវិធីប្រកួតចម្រៀងនេះមានលក្ខណៈវិជ្ជាជីវៈ,Positive,1.0
446,ទូរស័ព្ទថ្មីនេះមានបញ្ហាច្រើន ប្រើការមិនបានល្អ,Negative,0.0
447,សេវាកម្មបោកគក់នេះធ្វើឱ្យខូចសម្លៀកបំពាក់,Negative,0.0
448,ការសម្តែងសិល្បៈនេះមានការច្នៃប្រឌិតថ្មី,Positive,1.0
449,ផលិតផលនេះគឺល្អជាមួយគុណភាពខ្ពស់,Positive,1.0
450,សេវាកម្មមិនបានបំពេញចិត្តខ្ញុំ,Negative,0.0
451,ភាពយន្តនេះមានកម្រិតកម្សាន្តខ្ពស់,Positive,1.0
452,ផលិតផលមិនទាន់គុណភាព,Negative,0.0
453,សេវាកម្មលឿន និងទំនាក់ទំនងល្អ,Positive,1.0
454,ការសម្តែងក្នុងភាពយន្តធម្មតាប៉ុណ្ណោះ,Negative,0.0
455,ផលិតផលនេះគ្មានតម្លៃដូចមុន,Positive,1.0
456,សេវាកម្មនៅឯកន្លែងនេះល្អណាស់,Positive,1.0
457,ការបរិភោគតាមកន្លែងកម្សាន្តនេះអស្ចារ្យ,Negative,0.0
458,ផលិតផលដែលគេនិយាយអត់ត្រឹមត្រូវ,Positive,1.0
459,ផលិតផលនេះគឺល្អជាមួយគុណភាពខ្ពស់,Negative,0.0
460,សេវាកម្មមិនបានបំពេញចិត្តខ្ញុំ,Positive,1.0
461,ភាពយន្តនេះមានកម្រិតកម្សាន្តខ្ពស់,Negative,0.0
462,ផលិតផលមិនទាន់គុណភាព,Positive,1.0
463,សេវាកម្មលឿន និងទំនាក់ទំនងល្អ,Negative,0.0
464,ការសម្តែងក្នុងភាពយន្តធម្មតាប៉ុណ្ណោះ,Positive,1.0
465,ផលិតផលនេះគ្មានតម្លៃដូចមុន,Positive,1.0
466,សេវាកម្មនៅឯកន្លែងនេះល្អណាស់,Negative,0.0
467,ការបរិភោគតាមកន្លែងកម្សាន្តនេះអស្ចារ្យ,Positive,1.0
468,ផលិតផលដែលគេនិយាយអត់ត្រឹមត្រូវ,Negative,0.0
469,ផលិតផលនេះគឺល្អជាមួយគុណភាពខ្ពស់,Positive,1.0
470,សេវាកម្មមិនបានបំពេញចិត្តខ្ញុំ,Negative,0.0
471,ភាពយន្តនេះមានកម្រិតកម្សាន្តខ្ពស់,Positive,1.0
472,ផលិតផលមិនទាន់គុណភាព,Negative,0.0
473,សេវាកម្មលឿន និងទំនាក់ទំនងល្អ,Positive,1.0
474,ការសម្តែងក្នុងភាពយន្តធម្មតាប៉ុណ្ណោះ,Positive,1.0
475,ផលិតផលនេះគ្មានតម្លៃដូចមុន,Negative,0.0
476,សេវាកម្មនៅឯកន្លែងនេះល្អណាស់,Positive,1.0
477,ការបរិភោគតាមកន្លែងកម្សាន្តនេះអស្ចារ្យ,Negative,0.0
478,ផលិតផលដែលគេនិយាយអត់ត្រឹមត្រូវ,Positive,1.0
479,ផលិតផលនេះគឺល្អជាមួយគុណភាពខ្ពស់,Negative,0.0
480,សេវាកម្មមិនបានបំពេញចិត្តខ្ញុំ,Positive,1.0
481,ភាពយន្តនេះមានកម្រិតកម្សាន្តខ្ពស់,Negative,0.0
482,ផលិតផលមិនទាន់គុណភាព,Positive,1.0
483,សេវាកម្មលឿន និងទំនាក់ទំនងល្អ,Positive,1.0
484,ការសម្តែងក្នុងភាពយន្តធម្មតាប៉ុណ្ណោះ,Negative,0.0
485,ផលិតផលនេះគ្មានតម្លៃដូចមុន,Positive,1.0
486,សេវាកម្មនៅឯកន្លែងនេះល្អណាស់,Negative,0.0
487,ការបរិភោគតាមកន្លែងកម្សាន្តនេះអស្ចារ្យ,Positive,1.0
488,ផលិតផលដែលគេនិយាយអត់ត្រឹមត្រូវ,Negative,0.0
489,ផលិតផលនេះគឺល្អជាមួយគុណភាពខ្ពស់,Positive,1.0
490,សេវាកម្មមិនបានបំពេញចិត្តខ្ញុំ,Negative,0.0
491,ភាពយន្តនេះមានកម្រិតកម្សាន្តខ្ពស់,Positive,1.0
492,ផលិតផលមិនទាន់គុណភាព,Positive,1.0
493,សេវាកម្មលឿន និងទំនាក់ទំនងល្អ,Negative,0.0
494,ការសម្តែងក្នុងភាពយន្តធម្មតាប៉ុណ្ណោះ,Positive,1.0
495,ផលិតផលនេះគ្មានតម្លៃដូចមុន,Negative,0.0
496,សេវាកម្មនៅឯកន្លែងនេះល្អណាស់,Positive,1.0
497,ការបរិភោគតាមកន្លែងកម្សាន្តនេះអស្ចារ្យ,Negative,0.0
498,ផលិតផលដែលគេនិយាយអត់ត្រឹមត្រូវ,Positive,1.0
499,ផលិតផលនេះគឺល្អជាមួយគុណភាពខ្ពស់,Negative,0.0
500,សេវាកម្មមិនបានបំពេញចិត្តខ្ញុំ,Positive,1.0
501,ភាពយន្តនេះមានកម្រិតកម្សាន្តខ្ពស់,Positive,1.0
502,ផលិតផលមិនទាន់គុណភាព,Negative,0.0
503,សេវាកម្មលឿន និងទំនាក់ទំនងល្អ,Positive,1.0
504,ការសម្តែងក្នុងភាពយន្តធម្មតាប៉ុណ្ណោះ,Negative,0.0
505,ផលិតផលនេះគ្មានតម្លៃដូចមុន,Positive,1.0
506,សេវាកម្មនៅឯកន្លែងនេះល្អណាស់,Negative,0.0
507,ការបរិភោគតាមកន្លែងកម្សាន្តនេះអស្ចារ្យ,Positive,1.0
508,ផលិតផលដែលគេនិយាយអត់ត្រឹមត្រូវ,Negative,0.0
509,ផលិតផលនេះគឺល្អជាមួយគុណភាពខ្ពស់,Positive,1.0
510,សេវាកម្មមិនបានបំពេញចិត្តខ្ញុំ,Positive,1.0
511,ភាពយន្តនេះមានកម្រិតកម្សាន្តខ្ពស់,Negative,0.0
512,ផលិតផលមិនទាន់គុណភាព,Positive,1.0
513,សេវាកម្មលឿន និងទំនាក់ទំនងល្អ,Negative,0.0
514,ការសម្តែងក្នុងភាពយន្តធម្មតាប៉ុណ្ណោះ,Positive,1.0
515,ផលិតផលនេះគ្មានតម្លៃដូចមុន,Negative,0.0
516,សេវាកម្មនៅឯកន្លែងនេះល្អណាស់,Positive,1.0
517,ការបរិភោគតាមកន្លែងកម្សាន្តនេះអស្ចារ្យ,Negative,0.0
518,ផលិតផលដែលគេនិយាយអត់ត្រឹមត្រូវ,Positive,1.0
519,ផលិតផលនេះគឺល្អជាមួយគុណភាពខ្ពស់,Positive,1.0
520,សេវាកម្មមិនបានបំពេញចិត្តខ្ញុំ,Negative,0.0
521,ភាពយន្តនេះមានកម្រិតកម្សាន្តខ្ពស់,Positive,1.0
522,ផលិតផលមិនទាន់គុណភាព,Negative,0.0
523,សេវាកម្មលឿន និងទំនាក់ទំនងល្អ,Positive,1.0
524,ការសម្តែងក្នុងភាពយន្តធម្មតាប៉ុណ្ណោះ,Negative,0.0
525,ផលិតផលនេះគ្មានតម្លៃដូចមុន,Positive,1.0
526,សេវាកម្មនៅឯកន្លែងនេះល្អណាស់,Negative,0.0
527,ការបរិភោគតាមកន្លែងកម្សាន្តនេះអស្ចារ្យ,Positive,1.0
528,ផលិតផលដែលគេនិយាយអត់ត្រឹមត្រូវ,Positive,1.0
529,ផលិតផលនេះគឺល្អជាមួយគុណភាពខ្ពស់,Negative,0.0
530,សេវាកម្មមិនបានបំពេញចិត្តខ្ញុំ,Positive,1.0
531,ភាពយន្តនេះមានកម្រិតកម្សាន្តខ្ពស់,Negative,0.0
532,ផលិតផលមិនទាន់គុណភាព,Positive,1.0
533,សេវាកម្មលឿន និងទំនាក់ទំនងល្អ,Negative,0.0
534,ការសម្តែងក្នុងភាពយន្តធម្មតាប៉ុណ្ណោះ,Positive,1.0
535,ផលិតផលនេះគ្មានតម្លៃដូចមុន,Negative,0.0
536,សេវាកម្មនៅឯកន្លែងនេះល្អណាស់,Positive,1.0
537,ការបរិភោគតាមកន្លែងកម្សាន្តនេះអស្ចារ្យ,Positive,1.0
538,ផលិតផលដែលគេនិយាយអត់ត្រឹមត្រូវ,Negative,0.0
539,ផលិតផលនេះគឺល្អជាមួយគុណភាពខ្ពស់,Positive,1.0
540,សេវាកម្មមិនបានបំពេញចិត្តខ្ញុំ,Negative,0.0
541,ភាពយន្តនេះមានកម្រិតកម្សាន្តខ្ពស់,Positive,1.0
542,ផលិតផលមិនទាន់គុណភាព,Negative,0.0
543,សេវាកម្មលឿន និងទំនាក់ទំនងល្អ,Positive,1.0
544,ការសម្តែងក្នុងភាពយន្តធម្មតាប៉ុណ្ណោះ,Negative,0.0
545,ផលិតផលនេះគ្មានតម្លៃដូចមុន,Positive,1.0
546,សេវាកម្មនៅឯកន្លែងនេះល្អណាស់,Positive,1.0
547,ការបរិភោគតាមកន្លែងកម្សាន្តនេះអស្ចារ្យ,Negative,0.0
548,ផលិតផលដែលគេនិយាយអត់ត្រឹមត្រូវ,Positive,1.0
549,ផលិតផលនេះគឺល្អជាមួយគុណភាពខ្ពស់,Negative,0.0
550,សេវាកម្មមិនបានបំពេញចិត្តខ្ញុំ,Positive,1.0
551,ភាពយន្តនេះមានកម្រិតកម្សាន្តខ្ពស់,Negative,0.0
552,ផលិតផលមិនទាន់គុណភាព,Positive,1.0
553,សេវាកម្មលឿន និងទំនាក់ទំនងល្អ,Negative,0.0
554,ការសម្តែងក្នុងភាពយន្តធម្មតាប៉ុណ្ណោះ,Positive,1.0
555,ផលិតផលនេះគ្មានតម្លៃដូចមុន,Positive,1.0
556,សេវាកម្មនៅឯកន្លែងនេះល្អណាស់,Negative,0.0
557,ការបរិភោគតាមកន្លែងកម្សាន្តនេះអស្ចារ្យ,Positive,1.0
558,ផលិតផលដែលគេនិយាយអត់ត្រឹមត្រូវ,Negative,0.0
559,ផលិតផលនេះគឺល្អជាមួយគុណភាពខ្ពស់,Positive,1.0
560,សេវាកម្មមិនបានបំពេញចិត្តខ្ញុំ,Negative,0.0
561,ភាពយន្តនេះមានកម្រិតកម្សាន្តខ្ពស់,Positive,1.0
562,ផលិតផលមិនទាន់គុណភាព,Negative,0.0
563,សេវាកម្មលឿន និងទំនាក់ទំនងល្អ,Positive,1.0
564,ការសម្តែងក្នុងភាពយន្តធម្មតាប៉ុណ្ណោះ,Positive,1.0
565,ផលិតផលនេះគ្មានតម្លៃដូចមុន,Negative,0.0
566,សេវាកម្មនៅឯកន្លែងនេះល្អណាស់,Positive,1.0
567,ការបរិភោគតាមកន្លែងកម្សាន្តនេះអស្ចារ្យ,Negative,0.0
568,ផលិតផលដែលគេនិយាយអត់ត្រឹមត្រូវ,Positive,1.0
569,ផលិតផលនេះគឺល្អជាមួយគុណភាពខ្ពស់,Negative,0.0
570,សេវាកម្មមិនបានបំពេញចិត្តខ្ញុំ,Positive,1.0
571,ភាពយន្តនេះមានកម្រិតកម្សាន្តខ្ពស់,Negative,0.0
572,ផលិតផលមិនទាន់គុណភាព,Positive,1.0
573,សេវាកម្មលឿន និងទំនាក់ទំនងល្អ,Positive,1.0
574,ការសម្តែងក្នុងភាពយន្តធម្មតាប៉ុណ្ណោះ,Negative,0.0
575,ផលិតផលនេះគ្មានតម្លៃដូចមុន,Positive,1.0
576,សេវាកម្មនៅឯកន្លែងនេះល្អណាស់,Negative,0.0
577,ការបរិភោគតាមកន្លែងកម្សាន្តនេះអស្ចារ្យ,Positive,1.0
578,ផលិតផលដែលគេនិយាយអត់ត្រឹមត្រូវ,Negative,0.0
579,ផលិតផលនេះគឺល្អជាមួយគុណភាពខ្ពស់,Positive,1.0
580,សេវាកម្មមិនបានបំពេញចិត្តខ្ញុំ,Negative,0.0
581,ភាពយន្តនេះមានកម្រិតកម្សាន្តខ្ពស់,Positive,1.0
582,ផលិតផលមិនទាន់គុណភាព,Positive,1.0
583,សេវាកម្មលឿន និងទំនាក់ទំនងល្អ,Negative,0.0
584,ការសម្តែងក្នុងភាពយន្តធម្មតាប៉ុណ្ណោះ,Positive,1.0
585,ផលិតផលនេះគ្មានតម្លៃដូចមុន,Negative,0.0
586,សេវាកម្មនៅឯកន្លែងនេះល្អណាស់,Positive,1.0
587,ការបរិភោគតាមកន្លែងកម្សាន្តនេះអស្ចារ្យ,Negative,0.0
588,ផលិតផលដែលគេនិយាយអត់ត្រឹមត្រូវ,Positive,1.0
589,ផលិតផលនេះគឺល្អជាមួយគុណភាពខ្ពស់,Negative,0.0
590,សេវាកម្មមិនបានបំពេញចិត្តខ្ញុំ,Positive,1.0
591,ភាពយន្តនេះមានកម្រិតកម្សាន្តខ្ពស់,Positive,1.0
592,ផលិតផលមិនទាន់គុណភាព,Negative,0.0
593,សេវាកម្មលឿន និងទំនាក់ទំនងល្អ,Positive,1.0
594,ការសម្តែងក្នុងភាពយន្តធម្មតាប៉ុណ្ណោះ,Negative,0.0
595,ផលិតផលនេះគ្មានតម្លៃដូចមុន,Positive,1.0
596,សេវាកម្មនៅឯកន្លែងនេះល្អណាស់,Negative,0.0
597,ការបរិភោគតាមកន្លែងកម្សាន្តនេះអស្ចារ្យ,Positive,1.0
598,ផលិតផលដែលគេនិយាយអត់ត្រឹមត្រូវ,Negative,0.0
599,ផលិតផលនេះគឺល្អជាមួយគុណភាពខ្ពស់,Positive,1.0
600,សេវាកម្មមិនបានបំពេញចិត្តខ្ញុំ,Positive,1.0
601,ភាពយន្តនេះមានកម្រិតកម្សាន្តខ្ពស់,Negative,0.0
602,ផលិតផលមិនទាន់គុណភាព,Positive,1.0
603,សេវាកម្មលឿន និងទំនាក់ទំនងល្អ,Negative,0.0
604,ការសម្តែងក្នុងភាពយន្តធម្មតាប៉ុណ្ណោះ,Positive,1.0
605,ផលិតផលនេះគ្មានតម្លៃដូចមុន,Negative,0.0
606,សេវាកម្មនៅឯកន្លែងនេះល្អណាស់,Positive,1.0
607,ការបរិភោគតាមកន្លែងកម្សាន្តនេះអស្ចារ្យ,Negative,0.0
608,ផលិតផលដែលគេនិយាយអត់ត្រឹមត្រូវ,Positive,1.0
609,ផលិតផលនេះគឺល្អជាមួយគុណភាពខ្ពស់,Positive,1.0
610,សេវាកម្មមិនបានបំពេញចិត្តខ្ញុំ,Negative,0.0
611,ភាពយន្តនេះមានកម្រិតកម្សាន្តខ្ពស់,Positive,1.0
612,ផលិតផលមិនទាន់គុណភាព,Negative,0.0
613,សេវាកម្មលឿន និងទំនាក់ទំនងល្អ,Positive,1.0
614,ការសម្តែងក្នុងភាពយន្តធម្មតាប៉ុណ្ណោះ,Negative,0.0
615,ផលិតផលនេះគ្មានតម្លៃដូចមុន,Positive,1.0
616,សេវាកម្មនៅឯកន្លែងនេះល្អណាស់,Negative,0.0
617,ការបរិភោគតាមកន្លែងកម្សាន្តនេះអស្ចារ្យ,Positive,1.0
618,ផលិតផលដែលគេនិយាយអត់ត្រឹមត្រូវ,Positive,1.0
619,ផលិតផលនេះគឺល្អជាមួយគុណភាពខ្ពស់,Negative,0.0
620,សេវាកម្មមិនបានបំពេញចិត្តខ្ញុំ,Positive,1.0
621,ភាពយន្តនេះមានកម្រិតកម្សាន្តខ្ពស់,Negative,0.0
622,ផលិតផលមិនទាន់គុណភាព,Positive,1.0
623,សេវាកម្មលឿន និងទំនាក់ទំនងល្អ,Negative,0.0
624,ការសម្តែងក្នុងភាពយន្តធម្មតាប៉ុណ្ណោះ,Positive,1.0
625,ផលិតផលនេះគ្មានតម្លៃដូចមុន,Negative,0.0
626,សេវាកម្មនៅឯកន្លែងនេះល្អណាស់,Positive,1.0
627,ការបរិភោគតាមកន្លែងកម្សាន្តនេះអស្ចារ្យ,Positive,1.0
628,ផលិតផលដែលគេនិយាយអត់ត្រឹមត្រូវ,Negative,0.0
629,ផលិតផលនេះគឺល្អជាមួយគុណភាពខ្ពស់,Positive,1.0
630,សេវាកម្មមិនបានបំពេញចិត្តខ្ញុំ,Negative,0.0
631,ភាពយន្តនេះមានកម្រិតកម្សាន្តខ្ពស់,Positive,1.0
632,ផលិតផលមិនទាន់គុណភាព,Negative,0.0
633,សេវាកម្មលឿន និងទំនាក់ទំនងល្អ,Positive,1.0
634,ការសម្តែងក្នុងភាពយន្តធម្មតាប៉ុណ្ណោះ,Negative,0.0
635,ផលិតផលនេះគ្មានតម្លៃដូចមុន,Positive,1.0
636,សេវាកម្មនៅឯកន្លែងនេះល្អណាស់,Positive,1.0
637,ការបរិភោគតាមកន្លែងកម្សាន្តនេះអស្ចារ្យ,Negative,0.0
638,ផលិតផលដែលគេនិយាយអត់ត្រឹមត្រូវ,Positive,1.0
639,ផលិតផលនេះគឺល្អជាមួយគុណភាពខ្ពស់,Negative,0.0
640,សេវាកម្មមិនបានបំពេញចិត្តខ្ញុំ,Positive,1.0
641,ភាពយន្តនេះមានកម្រិតកម្សាន្តខ្ពស់,Negative,0.0
642,ផលិតផលមិនទាន់គុណភាព,Positive,1.0
643,សេវាកម្មលឿន និងទំនាក់ទំនងល្អ,Negative,0.0
644,ការសម្តែងក្នុងភាពយន្តធម្មតាប៉ុណ្ណោះ,Positive,1.0
645,ផលិតផលនេះគ្មានតម្លៃដូចមុន,Positive,1.0
646,សេវាកម្មនៅឯកន្លែងនេះល្អណាស់,Negative,0.0
647,ការបរិភោគតាមកន្លែងកម្សាន្តនេះអស្ចារ្យ,Positive,1.0
648,ផលិតផលដែលគេនិយាយអត់ត្រឹមត្រូវ,Negative,0.0
649,ផលិតផលនេះគឺល្អជាមួយគុណភាពខ្ពស់,Positive,1.0
650,សេវាកម្មមិនបានបំពេញចិត្តខ្ញុំ,Negative,0.0
651,ភាពយន្តនេះមានកម្រិតកម្សាន្តខ្ពស់,Positive,1.0
652,ផលិតផលមិនទាន់គុណភាព,Negative,0.0
653,សេវាកម្មលឿន និងទំនាក់ទំនងល្អ,Positive,1.0
654,ការសម្តែងក្នុងភាពយន្តធម្មតាប៉ុណ្ណោះ,Positive,1.0
655,ផលិតផលនេះគ្មានតម្លៃដូចមុន,Negative,0.0
656,សេវាកម្មនៅឯកន្លែងនេះល្អណាស់,Positive,1.0
657,ការបរិភោគតាមកន្លែងកម្សាន្តនេះអស្ចារ្យ,Negative,0.0
658,ផលិតផលដែលគេនិយាយអត់ត្រឹមត្រូវ,Positive,1.0
659,ផលិតផលនេះគឺល្អជាមួយគុណភាពខ្ពស់,Negative,0.0
660,សេវាកម្មមិនបានបំពេញចិត្តខ្ញុំ,Positive,1.0
661,ភាពយន្តនេះមានកម្រិតកម្សាន្តខ្ពស់,Negative,0.0
662,ផលិតផលមិនទាន់គុណភាព,Positive,1.0
663,សេវាកម្មលឿន និងទំនាក់ទំនងល្អ,Positive,1.0
664,ការសម្តែងក្នុងភាពយន្តធម្មតាប៉ុណ្ណោះ,Negative,0.0
665,ផលិតផលនេះគ្មានតម្លៃដូចមុន,Positive,1.0
666,សេវាកម្មនៅឯកន្លែងនេះល្អណាស់,Negative,0.0
667,ការបរិភោគតាមកន្លែងកម្សាន្តនេះអស្ចារ្យ,Positive,1.0
668,ផលិតផលដែលគេនិយាយអត់ត្រឹមត្រូវ,Negative,0.0
669,ផលិតផលនេះគឺល្អជាមួយគុណភាពខ្ពស់,Positive,1.0
670,សេវាកម្មមិនបានបំពេញចិត្តខ្ញុំ,Negative,0.0
671,ភាពយន្តនេះមានកម្រិតកម្សាន្តខ្ពស់,Positive,1.0
672,ផលិតផលមិនទាន់គុណភាព,Positive,1.0
673,សេវាកម្មលឿន និងទំនាក់ទំនងល្អ,Negative,0.0
674,ការសម្តែងក្នុងភាពយន្តធម្មតាប៉ុណ្ណោះ,Positive,1.0
675,ផលិតផលនេះគ្មានតម្លៃដូចមុន,Negative,0.0
676,សេវាកម្មនៅឯកន្លែងនេះល្អណាស់,Positive,1.0
677,ការបរិភោគតាមកន្លែងកម្សាន្តនេះអស្ចារ្យ,Negative,0.0
678,ផលិតផលដែលគេនិយាយអត់ត្រឹមត្រូវ,Positive,1.0
679,ផលិតផលនេះគឺល្អជាមួយគុណភាពខ្ពស់,Negative,0.0
680,សេវាកម្មមិនបានបំពេញចិត្តខ្ញុំ,Positive,1.0
681,ភាពយន្តនេះមានកម្រិតកម្សាន្តខ្ពស់,Positive,1.0
682,ផលិតផលមិនទាន់គុណភាព,Negative,0.0
683,សេវាកម្មលឿន និងទំនាក់ទំនងល្អ,Positive,1.0
684,ការសម្តែងក្នុងភាពយន្តធម្មតាប៉ុណ្ណោះ,Negative,0.0
685,ផលិតផលនេះគ្មានតម្លៃដូចមុន,Positive,1.0
686,សេវាកម្មនៅឯកន្លែងនេះល្អណាស់,Negative,0.0
687,ការបរិភោគតាមកន្លែងកម្សាន្តនេះអស្ចារ្យ,Positive,1.0
688,ផលិតផលដែលគេនិយាយអត់ត្រឹមត្រូវ,Negative,0.0
689,ផលិតផលនេះគឺល្អជាមួយគុណភាពខ្ពស់,Positive,1.0
690,សេវាកម្មមិនបានបំពេញចិត្តខ្ញុំ,Positive,1.0
691,ភាពយន្តនេះមានកម្រិតកម្សាន្តខ្ពស់,Negative,0.0
692,ផលិតផលមិនទាន់គុណភាព,Positive,1.0
693,សេវាកម្មលឿន និងទំនាក់ទំនងល្អ,Negative,0.0
694,ការសម្តែងក្នុងភាពយន្តធម្មតាប៉ុណ្ណោះ,Positive,1.0
695,ផលិតផលនេះគ្មានតម្លៃដូចមុន,Negative,0.0
696,សេវាកម្មនៅឯកន្លែងនេះល្អណាស់,Positive,1.0
697,ការបរិភោគតាមកន្លែងកម្សាន្តនេះអស្ចារ្យ,Negative,0.0
698,ផលិតផលដែលគេនិយាយអត់ត្រឹមត្រូវ,Positive,1.0
699,ផលិតផលនេះគឺល្អជាមួយគុណភាពខ្ពស់,Positive,1.0
700,សេវាកម្មមិនបានបំពេញចិត្តខ្ញុំ,Negative,0.0
701,ភាពយន្តនេះមានកម្រិតកម្សាន្តខ្ពស់,Positive,1.0
702,ផលិតផលមិនទាន់គុណភាព,Negative,0.0
703,សេវាកម្មលឿន និងទំនាក់ទំនងល្អ,Positive,1.0
704,ការសម្តែងក្នុងភាពយន្តធម្មតាប៉ុណ្ណោះ,Negative,0.0
705,ផលិតផលនេះគ្មានតម្លៃដូចមុន,Positive,1.0
706,សេវាកម្មនៅឯកន្លែងនេះល្អណាស់,Negative,0.0
707,ការបរិភោគតាមកន្លែងកម្សាន្តនេះអស្ចារ្យ,Positive,1.0
708,ផលិតផលដែលគេនិយាយអត់ត្រឹមត្រូវ,Positive,1.0
709,ផលិតផលនេះគឺល្អជាមួយគុណភាពខ្ពស់,Negative,0.0
710,សេវាកម្មមិនបានបំពេញចិត្តខ្ញុំ,Positive,1.0
711,ភាពយន្តនេះមានកម្រិតកម្សាន្តខ្ពស់,Negative,0.0
712,ផលិតផលមិនទាន់គុណភាព,Positive,1.0
713,សេវាកម្មលឿន និងទំនាក់ទំនងល្អ,Negative,0.0
714,ការសម្តែងក្នុងភាពយន្តធម្មតាប៉ុណ្ណោះ,Positive,1.0
715,ផលិតផលនេះគ្មានតម្លៃដូចមុន,Negative,0.0
716,សេវាកម្មនៅឯកន្លែងនេះល្អណាស់,Positive,1.0
717,ការបរិភោគតាមកន្លែងកម្សាន្តនេះអស្ចារ្យ,Positive,1.0
718,ផលិតផលដែលគេនិយាយអត់ត្រឹមត្រូវ,Negative,0.0
719,ផលិតផលនេះគឺល្អជាមួយគុណភាពខ្ពស់,Positive,1.0
720,សេវាកម្មមិនបានបំពេញចិត្តខ្ញុំ,Negative,0.0
721,ភាពយន្តនេះមានកម្រិតកម្សាន្តខ្ពស់,Positive,1.0
722,ផលិតផលមិនទាន់គុណភាព,Negative,0.0
723,សេវាកម្មលឿន និងទំនាក់ទំនងល្អ,Positive,1.0
724,ការសម្តែងក្នុងភាពយន្តធម្មតាប៉ុណ្ណោះ,Negative,0.0
725,ផលិតផលនេះគ្មានតម្លៃដូចមុន,Positive,1.0
726,សេវាកម្មនៅឯកន្លែងនេះល្អណាស់,Positive,1.0
727,ការបរិភោគតាមកន្លែងកម្សាន្តនេះអស្ចារ្យ,Negative,0.0
728,ផលិតផលដែលគេនិយាយអត់ត្រឹមត្រូវ,Positive,1.0
729,ផលិតផលនេះគឺល្អជាមួយគុណភាពខ្ពស់,Negative,0.0
730,សេវាកម្មមិនបានបំពេញចិត្តខ្ញុំ,Positive,1.0
731,ភាពយន្តនេះមានកម្រិតកម្សាន្តខ្ពស់,Negative,0.0
732,ផលិតផលមិនទាន់គុណភាព,Positive,1.0
733,សេវាកម្មលឿន និងទំនាក់ទំនងល្អ,Negative,0.0
734,ការសម្តែងក្នុងភាពយន្តធម្មតាប៉ុណ្ណោះ,Positive,1.0
735,ផលិតផលនេះគ្មានតម្លៃដូចមុន,Positive,1.0
736,សេវាកម្មនៅឯកន្លែងនេះល្អណាស់,Negative,0.0
737,ការបរិភោគតាមកន្លែងកម្សាន្តនេះអស្ចារ្យ,Positive,1.0
738,ផលិតផលដែលគេនិយាយអត់ត្រឹមត្រូវ,Negative,0.0
739,ផលិតផលនេះគឺល្អជាមួយគុណភាពខ្ពស់,Positive,1.0
740,សេវាកម្មមិនបានបំពេញចិត្តខ្ញុំ,Negative,0.0
741,ភាពយន្តនេះមានកម្រិតកម្សាន្តខ្ពស់,Positive,1.0
742,ផលិតផលមិនទាន់គុណភាព,Negative,0.0
743,សេវាកម្មលឿន និងទំនាក់ទំនងល្អ,Positive,1.0
744,ការសម្តែងក្នុងភាពយន្តធម្មតាប៉ុណ្ណោះ,Positive,1.0
745,ផលិតផលនេះគ្មានតម្លៃដូចមុន,Negative,0.0
746,សេវាកម្មនៅឯកន្លែងនេះល្អណាស់,Positive,1.0
747,ការបរិភោគតាមកន្លែងកម្សាន្តនេះអស្ចារ្យ,Negative,0.0
748,ផលិតផលដែលគេនិយាយអត់ត្រឹមត្រូវ,Positive,1.0
749,ផលិតផលនេះគឺល្អជាមួយគុណភាពខ្ពស់,Negative,0.0
750,សេវាកម្មមិនបានបំពេញចិត្តខ្ញុំ,Positive,1.0
751,ភាពយន្តនេះមានកម្រិតកម្សាន្តខ្ពស់,Negative,0.0
752,ផលិតផលមិនទាន់គុណភាព,Positive,1.0
753,សេវាកម្មលឿន និងទំនាក់ទំនងល្អ,Positive,1.0
754,ការសម្តែងក្នុងភាពយន្តធម្មតាប៉ុណ្ណោះ,Negative,0.0
755,ផលិតផលនេះគ្មានតម្លៃដូចមុន,Positive,1.0
756,សេវាកម្មនៅឯកន្លែងនេះល្អណាស់,Negative,0.0
757,ការបរិភោគតាមកន្លែងកម្សាន្តនេះអស្ចារ្យ,Positive,1.0
758,ផលិតផលដែលគេនិយាយអត់ត្រឹមត្រូវ,Negative,0.0
759,ផលិតផលនេះគឺល្អជាមួយគុណភាពខ្ពស់,Positive,1.0
760,សេវាកម្មមិនបានបំពេញចិត្តខ្ញុំ,Negative,0.0
761,ភាពយន្តនេះមានកម្រិតកម្សាន្តខ្ពស់,Positive,1.0
762,ផលិតផលមិនទាន់គុណភាព,Positive,1.0
763,សេវាកម្មលឿន និងទំនាក់ទំនងល្អ,Negative,0.0
764,ការសម្តែងក្នុងភាពយន្តធម្មតាប៉ុណ្ណោះ,Positive,1.0
765,ផលិតផលនេះគ្មានតម្លៃដូចមុន,Negative,0.0
766,សេវាកម្មនៅឯកន្លែងនេះល្អណាស់,Positive,1.0
767,ការបរិភោគតាមកន្លែងកម្សាន្តនេះអស្ចារ្យ,Negative,0.0
768,ផលិតផលដែលគេនិយាយអត់ត្រឹមត្រូវ,Positive,1.0
769,ផលិតផលនេះគឺល្អជាមួយគុណភាពខ្ពស់,Negative,0.0
770,សេវាកម្មមិនបានបំពេញចិត្តខ្ញុំ,Positive,1.0
771,ភាពយន្តនេះមានកម្រិតកម្សាន្តខ្ពស់,Positive,1.0
772,ផលិតផលមិនទាន់គុណភាព,Negative,0.0
773,សេវាកម្មលឿន និងទំនាក់ទំនងល្អ,Positive,1.0
774,ការសម្តែងក្នុងភាពយន្តធម្មតាប៉ុណ្ណោះ,Negative,0.0
775,ផលិតផលនេះគ្មានតម្លៃដូចមុន,Positive,1.0
776,សេវាកម្មនៅឯកន្លែងនេះល្អណាស់,Negative,0.0
777,ការបរិភោគតាមកន្លែងកម្សាន្តនេះអស្ចារ្យ,Positive,1.0
778,ផលិតផលដែលគេនិយាយអត់ត្រឹមត្រូវ,Negative,0.0
779,ផលិតផលនេះគឺល្អជាមួយគុណភាពខ្ពស់,Positive,1.0
780,សេវាកម្មមិនបានបំពេញចិត្តខ្ញុំ,Positive,1.0
781,ភាពយន្តនេះមានកម្រិតកម្សាន្តខ្ពស់,Negative,0.0
782,ផលិតផលមិនទាន់គុណភាព,Positive,1.0
783,សេវាកម្មលឿន និងទំនាក់ទំនងល្អ,Negative,0.0
784,ការសម្តែងក្នុងភាពយន្តធម្មតាប៉ុណ្ណោះ,Positive,1.0
785,ផលិតផលនេះគ្មានតម្លៃដូចមុន,Negative,0.0
786,សេវាកម្មនៅឯកន្លែងនេះល្អណាស់,Positive,1.0
787,ការបរិភោគតាមកន្លែងកម្សាន្តនេះអស្ចារ្យ,Negative,0.0
788,ផលិតផលដែលគេនិយាយអត់ត្រឹមត្រូវ,Positive,1.0
789,ផលិតផលនេះគឺល្អជាមួយគុណភាពខ្ពស់,Positive,1.0
790,សេវាកម្មមិនបានបំពេញចិត្តខ្ញុំ,Negative,0.0
791,ភាពយន្តនេះមានកម្រិតកម្សាន្តខ្ពស់,Positive,1.0
792,ផលិតផលមិនទាន់គុណភាព,Negative,0.0
793,សេវាកម្មលឿន និងទំនាក់ទំនងល្អ,Positive,1.0
794,ការសម្តែងក្នុងភាពយន្តធម្មតាប៉ុណ្ណោះ,Negative,0.0
795,ផលិតផលនេះគ្មានតម្លៃដូចមុន,Positive,1.0
796,សេវាកម្មនៅឯកន្លែងនេះល្អណាស់,Negative,0.0
797,ការបរិភោគតាមកន្លែងកម្សាន្តនេះអស្ចារ្យ,Positive,1.0
798,ផលិតផលដែលគេនិយាយអត់ត្រឹមត្រូវ,Positive,1.0
799,ផលិតផលនេះគឺល្អជាមួយគុណភាពខ្ពស់,Negative,0.0
800,សេវាកម្មមិនបានបំពេញចិត្តខ្ញុំ,Positive,1.0
801,ភាពយន្តនេះមានកម្រិតកម្សាន្តខ្ពស់,Negative,0.0
802,ផលិតផលមិនទាន់គុណភាព,Positive,1.0
803,សេវាកម្មលឿន និងទំនាក់ទំនងល្អ,Negative,0.0
804,ការសម្តែងក្នុងភាពយន្តធម្មតាប៉ុណ្ណោះ,Positive,1.0
805,ផលិតផលនេះគ្មានតម្លៃដូចមុន,Negative,0.0
806,សេវាកម្មនៅឯកន្លែងនេះល្អណាស់,Positive,1.0
807,ការបរិភោគតាមកន្លែងកម្សាន្តនេះអស្ចារ្យ,Positive,1.0
808,ផលិតផលដែលគេនិយាយអត់ត្រឹមត្រូវ,Negative,0.0
809,ផលិតផលនេះគឺល្អជាមួយគុណភាពខ្ពស់,Positive,1.0
810,សេវាកម្មមិនបានបំពេញចិត្តខ្ញុំ,Negative,0.0
811,ភាពយន្តនេះមានកម្រិតកម្សាន្តខ្ពស់,Positive,1.0
812,ផលិតផលមិនទាន់គុណភាព,Negative,0.0
813,សេវាកម្មលឿន និងទំនាក់ទំនងល្អ,Positive,1.0
814,ការសម្តែងក្នុងភាពយន្តធម្មតាប៉ុណ្ណោះ,Negative,0.0
815,ផលិតផលនេះគ្មានតម្លៃដូចមុន,Positive,1.0
816,សេវាកម្មនៅឯកន្លែងនេះល្អណាស់,Positive,1.0
817,ការបរិភោគតាមកន្លែងកម្សាន្តនេះអស្ចារ្យ,Negative,0.0
818,ផលិតផលដែលគេនិយាយអត់ត្រឹមត្រូវ,Positive,1.0
819,ផលិតផលនេះគឺល្អជាមួយគុណភាពខ្ពស់,Negative,0.0
820,សេវាកម្មមិនបានបំពេញចិត្តខ្ញុំ,Positive,1.0
821,ភាពយន្តនេះមានកម្រិតកម្សាន្តខ្ពស់,Negative,0.0
822,ផលិតផលមិនទាន់គុណភាព,Positive,1.0
823,សេវាកម្មលឿន និងទំនាក់ទំនងល្អ,Negative,0.0
824,ការសម្តែងក្នុងភាពយន្តធម្មតាប៉ុណ្ណោះ,Positive,1.0
825,ផលិតផលនេះគ្មានតម្លៃដូចមុន,Positive,1.0
826,សេវាកម្មនៅឯកន្លែងនេះល្អណាស់,Negative,0.0
827,ការបរិភោគតាមកន្លែងកម្សាន្តនេះអស្ចារ្យ,Positive,1.0
828,ផលិតផលដែលគេនិយាយអត់ត្រឹមត្រូវ,Negative,0.0
829,ផលិតផលនេះគឺល្អជាមួយគុណភាពខ្ពស់,Positive,1.0
830,សេវាកម្មមិនបានបំពេញចិត្តខ្ញុំ,Negative,0.0
831,ភាពយន្តនេះមានកម្រិតកម្សាន្តខ្ពស់,Positive,1.0
832,ផលិតផលមិនទាន់គុណភាព,Negative,0.0
833,សេវាកម្មលឿន និងទំនាក់ទំនងល្អ,Positive,1.0
834,ការសម្តែងក្នុងភាពយន្តធម្មតាប៉ុណ្ណោះ,Positive,1.0
835,ផលិតផលនេះគ្មានតម្លៃដូចមុន,Negative,0.0
836,សេវាកម្មនៅឯកន្លែងនេះល្អណាស់,Positive,1.0
837,ការបរិភោគតាមកន្លែងកម្សាន្តនេះអស្ចារ្យ,Negative,0.0
838,ផលិតផលដែលគេនិយាយអត់ត្រឹមត្រូវ,Positive,1.0
839,ផលិតផលនេះគឺល្អជាមួយគុណភាពខ្ពស់,Negative,0.0
840,សេវាកម្មមិនបានបំពេញចិត្តខ្ញុំ,Positive,1.0
841,ភាពយន្តនេះមានកម្រិតកម្សាន្តខ្ពស់,Negative,0.0
842,ផលិតផលមិនទាន់គុណភាព,Positive,1.0
843,សេវាកម្មលឿន និងទំនាក់ទំនងល្អ,Positive,1.0
844,ការសម្តែងក្នុងភាពយន្តធម្មតាប៉ុណ្ណោះ,Negative,0.0
845,ផលិតផលនេះគ្មានតម្លៃដូចមុន,Positive,1.0
846,សេវាកម្មនៅឯកន្លែងនេះល្អណាស់,Negative,0.0
847,ការបរិភោគតាមកន្លែងកម្សាន្តនេះអស្ចារ្យ,Positive,1.0
848,ផលិតផលដែលគេនិយាយអត់ត្រឹមត្រូវ,Negative,0.0
849,ផលិតផលនេះគឺល្អជាមួយគុណភាពខ្ពស់,Positive,1.0
850,សេវាកម្មមិនបានបំពេញចិត្តខ្ញុំ,Negative,0.0
851,ភាពយន្តនេះមានកម្រិតកម្សាន្តខ្ពស់,Positive,1.0
852,ផលិតផលមិនទាន់គុណភាព,Positive,1.0
853,សេវាកម្មលឿន និងទំនាក់ទំនងល្អ,Negative,0.0
854,ការសម្តែងក្នុងភាពយន្តធម្មតាប៉ុណ្ណោះ,Positive,1.0
855,ផលិតផលនេះគ្មានតម្លៃដូចមុន,Negative,0.0
856,សេវាកម្មនៅឯកន្លែងនេះល្អណាស់,Positive,1.0
857,ការបរិភោគតាមកន្លែងកម្សាន្តនេះអស្ចារ្យ,Negative,0.0
858,ផលិតផលដែលគេនិយាយអត់ត្រឹមត្រូវ,Positive,1.0
859,ផលិតផលនេះគឺល្អជាមួយគុណភាពខ្ពស់,Negative,0.0
860,សេវាកម្មមិនបានបំពេញចិត្តខ្ញុំ,Positive,1.0
861,ភាពយន្តនេះមានកម្រិតកម្សាន្តខ្ពស់,Positive,1.0
862,ផលិតផលមិនទាន់គុណភាព,Negative,0.0
863,សេវាកម្មលឿន និងទំនាក់ទំនងល្អ,Positive,1.0
864,ការសម្តែងក្នុងភាពយន្តធម្មតាប៉ុណ្ណោះ,Negative,0.0
865,ផលិតផលនេះគ្មានតម្លៃដូចមុន,Positive,1.0
866,សេវាកម្មនៅឯកន្លែងនេះល្អណាស់,Negative,0.0
867,ការបរិភោគតាមកន្លែងកម្សាន្តនេះអស្ចារ្យ,Positive,1.0
868,ផលិតផលដែលគេនិយាយអត់ត្រឹមត្រូវ,Negative,0.0
869,ផលិតផលនេះគឺល្អជាមួយគុណភាពខ្ពស់,Positive,1.0
870,សេវាកម្មមិនបានបំពេញចិត្តខ្ញុំ,Positive,1.0
871,ភាពយន្តនេះមានកម្រិតកម្សាន្តខ្ពស់,Negative,0.0
872,ផលិតផលមិនទាន់គុណភាព,Positive,1.0
873,សេវាកម្មលឿន និងទំនាក់ទំនងល្អ,Negative,0.0
874,ការសម្តែងក្នុងភាពយន្តធម្មតាប៉ុណ្ណោះ,Positive,1.0
875,ផលិតផលនេះគ្មានតម្លៃដូចមុន,Negative,0.0
876,សេវាកម្មនៅឯកន្លែងនេះល្អណាស់,Positive,1.0
877,ការបរិភោគតាមកន្លែងកម្សាន្តនេះអស្ចារ្យ,Negative,0.0
878,ផលិតផលដែលគេនិយាយអត់ត្រឹមត្រូវ,Positive,1.0
879,ផលិតផលនេះគឺល្អជាមួយគុណភាពខ្ពស់,Positive,1.0
880,សេវាកម្មមិនបានបំពេញចិត្តខ្ញុំ,Negative,0.0
881,ភាពយន្តនេះមានកម្រិតកម្សាន្តខ្ពស់,Positive,1.0
882,ផលិតផលមិនទាន់គុណភាព,Negative,0.0
883,សេវាកម្មលឿន និងទំនាក់ទំនងល្អ,Positive,1.0
884,ការសម្តែងក្នុងភាពយន្តធម្មតាប៉ុណ្ណោះ,Negative,0.0
885,ផលិតផលនេះគ្មានតម្លៃដូចមុន,Positive,1.0
886,សេវាកម្មនៅឯកន្លែងនេះល្អណាស់,Negative,0.0
887,ការបរិភោគតាមកន្លែងកម្សាន្តនេះអស្ចារ្យ,Positive,1.0
888,ផលិតផលដែលគេនិយាយអត់ត្រឹមត្រូវ,Positive,1.0
889,ផលិតផលនេះគឺល្អជាមួយគុណភាពខ្ពស់,Negative,0.0
890,សេវាកម្មមិនបានបំពេញចិត្តខ្ញុំ,Positive,1.0
891,ភាពយន្តនេះមានកម្រិតកម្សាន្តខ្ពស់,Negative,0.0
892,ផលិតផលមិនទាន់គុណភាព,Positive,1.0
893,សេវាកម្មលឿន និងទំនាក់ទំនងល្អ,Negative,0.0
894,ការសម្តែងក្នុងភាពយន្តធម្មតាប៉ុណ្ណោះ,Positive,1.0
895,ផលិតផលនេះគ្មានតម្លៃដូចមុន,Negative,0.0
896,សេវាកម្មនៅឯកន្លែងនេះល្អណាស់,Positive,1.0
897,ការបរិភោគតាមកន្លែងកម្សាន្តនេះអស្ចារ្យ,Positive,1.0
898,ផលិតផលដែលគេនិយាយអត់ត្រឹមត្រូវ,Negative,0.0
899,នំប៉័ងនេះមានរសជាតិឆ្ងាញ់ណាស់ ស្រស់ៗ និងមានក្លិនឈ្ងុយ,Positive,1.0
900,ខ្សែភាពយន្តថ្មីនេះធ្វើបានល្អណាស់ តួសម្ដែងពូកែៗ រឿងរ៉ាវគួរឱ្យចាប់អារម្មណ៍,Positive,1.0
901,ទូរស័ព្ទថ្មីនេះប្រើប្រាស់ងាយស្រួល ថ្មល្អ កាមេរ៉ាច្បាស់,Positive,1.0
902,បុគ្គលិកមានការរួសរាយរាក់ទាក់ល្អ,Positive,1.0
903,សេវាកម្មដឹកជញ្ជូនលឿន,Positive,1.0
904,កុនដែលទើបចេញថ្មីគួរឱ្យចាប់អារម្មណ៍ តួឯកសម្តែងពូកែ,Positive,1.0
905,កាមេរ៉ាថ្មីនេះថតរូបស្អាត,Positive,1.0
906,សេវាកម្មជួសជុលល្អណាស់ ជាងមានជំនាញ,Positive,1.0
907,ទូរទស្សន៍នេះមានគុណភាពល្អ រូបភាពច្បាស់,Positive,1.0
908,សណ្ឋាគារនេះមានសេវាកម្មល្អណាស់,Positive,1.0
909,កម្មវិធីសិល្បៈនេះគួរឱ្យចាប់អារម្មណ៍,Positive,1.0
910,គុណភាពសម្លៀកបំពាក់ល្អណាស់ តម្លៃសមរម្យ,Positive,1.0
911,ការសម្តែងរបស់តារាចម្រៀងនេះអស្ចារ្យណាស់,Positive,1.0
912,តន្ត្រីកម្សាន្តនៅក្លឹបនេះពិរោះណាស់,Positive,1.0
913,កុំព្យូទ័រនេះដំណើរការល្អ,Positive,1.0
914,កម្មវិធីរាំនេះរីករាយណាស់,Positive,1.0
915,កង់ថ្មីនេះប្រើការបានល្អណាស់,Positive,1.0
916,ការសម្តែងរបាំប្រពៃណីនេះល្អណាស់,Positive,1.0
917,កម្មវិធីសម្តែងសៀកនេះអស្ចារ្យណាស់,Positive,1.0
918,ទូរស័ព្ទនេះថតរូបស្អាត,Positive,1.0
919,កម្មវិធីទូរទស្សន៍នេះមានការច្នៃប្រឌិតខ្ពស់,Positive,1.0
920,សេវាកម្មនៅហាងនេះគួរឱ្យខកចិត្តណាស់,Negative,0.0
921,តម្លៃទំនិញថ្លៃពេក,Negative,0.0
922,កម្មវិធីតន្ត្រីមិនសូវពិរោះ,Negative,0.0
923,អាហារដ្ឋាននេះមិនសូវមានរូបរាងល្អ,Negative,0.0
924,ទូរស័ព្ទនេះប្រើការមិនបានល្អ,Negative,0.0
925,អាជីវកម្មម៉ាស្សា,Negative,0.0
926,មុខងារទូរស័ព្ទមិនសូវច្បាស់,Negative,0.0
927,កម្មវិធីចម្រៀងមិនសូវមានអ្វីថ្មី,Negative,0.0
928,ម៉ាស៊ីនត្រជាក់នេះមិនត្រជាក់សព្វ,Negative,0.0
929,សេវាកម្មដឹកជញ្ជូនយឺត,Negative,0.0
930,កម្មវិធីសម្តែងល្ខោនមិនគួរឱ្យចាប់អារម្មណ៍,Negative,0.0
931,ការសម្តែងរបស់តារានេះមិនសូវមានអ្វីពិសេស,Negative,0.0
932,កុំព្យូទ័រនេះមិនអាចប្រើការមានលទ្ធភាពល្អ,Negative,0.0
933,កម្មវិធីសម្តែងល្ខោនបង្កប់ដោយបញ្ហា,Negative,0.0
934,ការទិញនៅលើគេហទំព័រយ៉ាងងាយស្រួល។,Positive,1.0
935,ខ្ញុំមិនពេញចិត្តជាមួយបទចម្រៀងនេះ។,Negative,0.0
936,បរិយាកាសនៅហាងនេះមិនល្អ។,Negative,0.0
937,រឿងថ្មីនេះធ្វើឱ្យខ្ញុំខកចិត្ត។,Negative,0.0
938,ខ្ញុំចូលចិត្តម៉ាកនេះជាពិសេស។,Positive,1.0
939,ខ្ញុំបានទទួលទំនិញយ៉ាងឆាប់រហ័ស។,Positive,1.0
940,ការបម្រើអតិថិជននៅទីនេះគឺល្អឥតខ្ចោះ។,Positive,1.0
941,បទថ្មីនេះមិនទាក់ចិត្ត។,Negative,0.0
942,ការសម្តែងរបស់តារាសម្តែងគ្មានគុណភាព។,Negative,0.0
943,បទចម្រៀងនេះប៉ះដល់ចិត្តយ៉ាងខ្លាំង។,Positive,1.0
944,ខ្ញុំមានបទពិសោធន៍អាក្រក់ជាមួយសេវាកម្មនេះ។,Negative,0.0
945,ខ្ញុំមានបទពិសោធន៍ល្អជាមួយសេវាកម្មនេះ។,Positive,1.0
946,ខ្ញុំពិតជាផ្អែមល្ហែមជាមួយបទចម្រៀងថ្មីនេះ។,Positive,1.0
947,សេវាកម្មយ៉ាងល្អប្រសើរ។,Positive,1.0
948,សេវាកម្មមិនទាន់បំពេញតាមចិត្តទេ។,Negative,0.0
949,ខ្ញុំពិតជាផ្អែមល្ហែមជាមួយបទចម្រៀងថ្មីនេះ។,Positive,1.0
950,ខ្ញុំពិតជាផ្អែមល្ហែមជាមួយបទចម្រៀងថ្មីនេះ។,Positive,1.0
951,រឿងថ្មីនេះធ្វើឱ្យខ្ញុំខកចិត្ត។,Negative,0.0
952,បទថ្មីនេះមិនទាក់ចិត្ត។,Negative,0.0
953,ការទិញនៅលើគេហទំព័រយ៉ាងងាយស្រួល។,Positive,1.0
954,សេវាកម្មយ៉ាងល្អប្រសើរ។,Positive,1.0
955,ខ្ញុំពិតជាផ្អែមល្ហែមជាមួយបទចម្រៀងថ្មីនេះ។,Positive,1.0
956,ការសម្តែងនៅលើឆាកមិនអាចទាញយកភ្នែកចេញបាន។,Positive,1.0
957,សេវាកម្មនេះធ្វើឱ្យខ្ញុំមានអារម្មណ៍ពេញចិត្ត។,Positive,1.0
958,សេវាកម្មយ៉ាងល្អប្រសើរ។,Positive,1.0
959,ការបម្រើអតិថិជនយឺតខ្លាំង។,Negative,0.0
960,ការទិញនៅលើគេហទំព័រមិនងាយស្រួល។,Negative,0.0
961,ការបម្រើអតិថិជននៅទីនេះគឺល្អឥតខ្ចោះ។,Positive,1.0
962,ការចាក់សម្លេងមានគុណភាពខ្ពស់។,Positive,1.0
963,ការសម្តែងនៅលើឆាកមិនអាចទាញយកភ្នែកចេញបាន។,Positive,1.0
964,ការទិញនៅលើគេហទំព័រមិនងាយស្រួល។,Negative,0.0
965,សេវាកម្មនេះធ្វើឱ្យខ្ញុំមានអារម្មណ៍ពេញចិត្ត។,Positive,1.0
966,ការទិញនៅលើគេហទំព័រមិនងាយស្រួល។,Negative,0.0
967,ការសម្តែងនៅលើឆាកមិនអាចទាញយកភ្នែកចេញបាន។,Positive,1.0
968,សេវាកម្មយ៉ាងល្អប្រសើរ។,Positive,1.0
969,សេវាកម្មនេះធ្វើឱ្យខ្ញុំមានអារម្មណ៍ពេញចិត្ត។,Positive,1.0
970,ភាពយន្តនេះធុញទ្រាន់។,Negative,0.0
971,ភាពយន្តនេះធុញទ្រាន់។,Negative,0.0
972,ការបម្រើអតិថិជនយឺតខ្លាំង។,Negative,0.0
973,បរិយាកាសនៅហាងនេះមិនល្អ។,Negative,0.0
974,សេវាកម្មយ៉ាងល្អប្រសើរ។,Positive,1.0
975,ការចាក់សម្លេងមានគុណភាពខ្ពស់។,Positive,1.0
976,គុណភាពទំនិញល្អណាស់។,Positive,1.0
977,ការចាក់សម្លេងមានបញ្ហា។,Negative,0.0
978,សេវាកម្មមិនទាន់បំពេញតាមចិត្តទេ។,Negative,0.0
979,សេវាកម្មនេះធ្វើឱ្យខ្ញុំខកចិត្ត។,Negative,0.0
980,ខ្ញុំចូលចិត្តម៉ាកនេះជាពិសេស។,Positive,1.0
981,ការចាក់សម្លេងមានបញ្ហា។,Negative,0.0
982,សេវាកម្មមិនទាន់បំពេញតាមចិត្តទេ។,Negative,0.0
983,បទចម្រៀងនេះឆ្លៀតចិត្ត។,Positive,1.0
984,សេវាកម្មមិនទាន់បំពេញតាមចិត្តទេ។,Negative,0.0
985,ភាពយន្តនេះធុញទ្រាន់។,Negative,0.0
986,បទចម្រៀងនេះមិនមានអារម្មណ៍។,Negative,0.0
987,សេវាកម្មមិនទាន់បំពេញតាមចិត្តទេ។,Negative,0.0
988,ខ្ញុំមិនបានទទួលទំនិញតាមពេលកំណត់។,Negative,0.0
989,ការដឹកជញ្ជូនយឺត។,Negative,0.0
990,រឿងថ្មីនេះធ្វើឱ្យខ្ញុំខកចិត្ត។,Negative,0.0
991,ផលិតផលនេះគុណភាពល្អណាស់។,Positive,1.0
992,គុណភាពទំនិញល្អណាស់។,Positive,1.0
993,ការដឹកជញ្ជូនយឺត។,Negative,0.0
994,ភាពយន្តនេះធុញទ្រាន់។,Negative,0.0
995,គុណភាពទំនិញមិនគួរជឿ។,Negative,0.0
996,រឿងថ្មីនេះធ្វើឱ្យខ្ញុំខកចិត្ត។,Negative,0.0
997,បទថ្មីនេះមិនទាក់ចិត្ត។,Negative,0.0
998,ការដឹកជញ្ជូនលឿនល្អឥតខ្ចោះ។,Positive,1.0
999,ខ្ញុំបានទទួលទំនិញយ៉ាងឆាប់រហ័ស។,Positive,1.0
1000,ខ្ញុំមិនបានទទួលទំនិញតាមពេលកំណត់។,Negative,0.0
1001,រឿងថ្មីនេះធ្វើឱ្យខ្ញុំខកចិត្ត។,Negative,0.0
1002,រឿងថ្មីនេះល្អឥតខ្ចោះ។,Positive,1.0
1003,ការទិញនៅលើគេហទំព័រមិនងាយស្រួល។,Negative,0.0
1004,ការសម្តែងរបស់តារាសម្តែងគួរឱ្យសរសើរ។,Positive,1.0
1005,ខ្ញុំមិនបានទទួលទំនិញតាមពេលកំណត់។,Negative,0.0
1006,ការចាក់សម្លេងមានបញ្ហា។,Negative,0.0
1007,រឿងថ្មីនេះធ្វើឱ្យខ្ញុំខកចិត្ត។,Negative,0.0
1008,ការចាក់សម្លេងមានបញ្ហា។,Negative,0.0
1009,រឿងថ្មីនេះធ្វើឱ្យខ្ញុំខកចិត្ត។,Negative,0.0
1010,ការសម្តែងនៅលើឆាកធុញទ្រាន់។,Negative,0.0
1011,បទចម្រៀងនេះមិនមានអារម្មណ៍។,Negative,0.0
1012,ខ្ញុំបានទទួលទំនិញយ៉ាងឆាប់រហ័ស។,Positive,1.0
1013,សេវាកម្មនេះធ្វើឱ្យខ្ញុំខកចិត្ត។,Negative,0.0
1014,សេវាកម្មយ៉ាងល្អប្រសើរ។,Positive,1.0
1015,រឿងថ្មីនេះធ្វើឱ្យខ្ញុំខកចិត្ត។,Negative,0.0
1016,ខ្ញុំមានបទពិសោធន៍ល្អជាមួយសេវាកម្មនេះ។,Positive,1.0
1017,ភាពយន្តនេះល្អលើសការរំពឹងទុក។,Positive,1.0
1018,ខ្ញុំបានទទួលទំនិញយ៉ាងឆាប់រហ័ស។,Positive,1.0
1019,បទចម្រៀងនេះឆ្លៀតចិត្ត។,Positive,1.0
1020,សេវាកម្មយ៉ាងល្អប្រសើរ។,Positive,1.0
1021,បទចម្រៀងនេះប៉ះដល់ចិត្តយ៉ាងខ្លាំង។,Positive,1.0
1022,រឿងថ្មីនេះធ្វើឱ្យខ្ញុំខកចិត្ត។,Negative,0.0
1023,ការបម្រើអតិថិជនយឺតខ្លាំង។,Negative,0.0
1024,ការបម្រើអតិថិជននៅទីនេះគឺល្អឥតខ្ចោះ។,Positive,1.0
1025,គុណភាពទំនិញល្អណាស់។,Positive,1.0
1026,ខ្ញុំមិនពេញចិត្តជាមួយបទចម្រៀងនេះ។,Negative,0.0
1027,បទចម្រៀងនេះឆ្លៀតចិត្ត។,Positive,1.0
1028,សេវាកម្មនេះធ្វើឱ្យខ្ញុំមានអារម្មណ៍ពេញចិត្ត។,Positive,1.0
1029,ខ្ញុំមានបទពិសោធន៍អាក្រក់ជាមួយសេវាកម្មនេះ។,Negative,0.0
1030,ភាពយន្តនេះល្អលើសការរំពឹងទុក។,Positive,1.0
1031,ខ្ញុំមានបទពិសោធន៍ល្អជាមួយសេវាកម្មនេះ។,Positive,1.0
1032,រឿងថ្មីនេះធ្វើឱ្យខ្ញុំខកចិត្ត។,Negative,0.0
1033,ការដឹកជញ្ជូនយឺត។,Negative,0.0
1034,បទចម្រៀងនេះប៉ះដល់ចិត្តយ៉ាងខ្លាំង។,Positive,1.0
1035,ការសម្តែងរបស់តារាសម្តែងគួរឱ្យសរសើរ។,Positive,1.0
1036,ការសម្តែងនៅលើឆាកធុញទ្រាន់។,Negative,0.0
1037,ការទិញនៅលើគេហទំព័រយ៉ាងងាយស្រួល។,Positive,1.0
1038,ការទិញនៅលើគេហទំព័រយ៉ាងងាយស្រួល។,Positive,1.0
1039,ភាពយន្តនេះធុញទ្រាន់។,Negative,0.0
1040,ភាពយន្តនេះធុញទ្រាន់។,Negative,0.0
1041,សេវាកម្មនេះធ្វើឱ្យខ្ញុំខកចិត្ត។,Negative,0.0
1042,បទចម្រៀងនេះប៉ះដល់ចិត្តយ៉ាងខ្លាំង។,Positive,1.0
1043,ខ្ញុំមិនពេញចិត្តជាមួយបទចម្រៀងនេះ។,Negative,0.0
1044,សេវាកម្មយ៉ាងល្អប្រសើរ។,Positive,1.0
1045,បទចម្រៀងនេះមិនល្អ។,Negative,0.0
1046,បទចម្រៀងនេះប៉ះដល់ចិត្តយ៉ាងខ្លាំង។,Positive,1.0
1047,ខ្ញុំមិនបានទទួលទំនិញតាមពេលកំណត់។,Negative,0.0
1048,ការបម្រើអតិថិជនយឺតខ្លាំង។,Negative,0.0
1049,រឿងថ្មីនេះល្អឥតខ្ចោះ។,Positive,1.0
1050,ខ្ញុំមានបទពិសោធន៍អាក្រក់ជាមួយសេវាកម្មនេះ។,Negative,0.0
1051,ការទិញនៅលើគេហទំព័រយ៉ាងងាយស្រួល។,Positive,1.0
1052,ខ្ញុំមានបទពិសោធន៍អាក្រក់ជាមួយសេវាកម្មនេះ។,Negative,0.0
1053,ភាពយន្តនេះល្អលើសការរំពឹងទុក។,Positive,1.0
1054,បរិយាកាសនៅហាងនេះល្អឥតខ្ចោះ។,Positive,1.0
1055,ការសម្តែងនៅលើឆាកមិនអាចទាញយកភ្នែកចេញបាន។,Positive,1.0
1056,បទថ្មីនេះមិនទាក់ចិត្ត។,Negative,0.0
1057,បទចម្រៀងនេះមិនល្អ។,Negative,0.0
1058,ភាពយន្តនេះធុញទ្រាន់។,Negative,0.0
1059,ផលិតផលនេះគុណភាពទាប។,Negative,0.0
1060,សេវាកម្មនេះធ្វើឱ្យខ្ញុំមានអារម្មណ៍ពេញចិត្ត។,Positive,1.0
1061,ការដឹកជញ្ជូនយឺត។,Negative,0.0
1062,បទថ្មីនេះមានទាស់។,Positive,1.0
1063,ការសម្តែងរបស់តារាសម្តែងគ្មានគុណភាព។,Negative,0.0
1064,ការដឹកជញ្ជូនយឺត។,Negative,0.0
1065,ការសម្តែងនៅលើឆាកធុញទ្រាន់។,Negative,0.0
1066,គុណភាពទំនិញល្អណាស់។,Positive,1.0
1067,ការទិញនៅលើគេហទំព័រយ៉ាងងាយស្រួល។,Positive,1.0
1068,បទថ្មីនេះមានទាស់។,Positive,1.0
1069,ភាពយន្តនេះធុញទ្រាន់។,Negative,0.0
1070,បទចម្រៀងនេះមិនល្អ។,Negative,0.0
1071,ការបម្រើអតិថិជននៅទីនេះគឺល្អឥតខ្ចោះ។,Positive,1.0
1072,បទចម្រៀងនេះឆ្លៀតចិត្ត។,Positive,1.0
1073,ខ្ញុំមានបទពិសោធន៍អាក្រក់ជាមួយសេវាកម្មនេះ។,Negative,0.0
1074,ខ្ញុំមិនពេញចិត្តជាមួយបទចម្រៀងនេះ។,Negative,0.0
1075,បទចម្រៀងនេះមិនមានអារម្មណ៍។,Negative,0.0
1076,ការទិញនៅលើគេហទំព័រមិនងាយស្រួល។,Negative,0.0
1077,ការសម្តែងរបស់តារាសម្តែងគួរឱ្យសរសើរ។,Positive,1.0
1078,ភាពយន្តនេះធុញទ្រាន់។,Negative,0.0
1079,បរិយាកាសនៅហាងនេះល្អឥតខ្ចោះ។,Positive,1.0
1080,ខ្ញុំមិនពេញចិត្តជាមួយបទចម្រៀងនេះ។,Negative,0.0
1081,ការចាក់សម្លេងមានគុណភាពខ្ពស់។,Positive,1.0
1082,ខ្ញុំមិនបានទទួលទំនិញតាមពេលកំណត់។,Negative,0.0
1083,ខ្ញុំមានបទពិសោធន៍អាក្រក់ជាមួយសេវាកម្មនេះ។,Negative,0.0
1084,ការសម្តែងរបស់តារាសម្តែងគួរឱ្យសរសើរ។,Positive,1.0
1085,បទថ្មីនេះមានទាស់។,Positive,1.0
1086,ខ្ញុំចូលចិត្តម៉ាកនេះជាពិសេស។,Positive,1.0
1087,ការសម្តែងនៅលើឆាកធុញទ្រាន់។,Negative,0.0
1088,ភាពយន្តនេះធុញទ្រាន់។,Negative,0.0
1089,សេវាកម្មនេះធ្វើឱ្យខ្ញុំមានអារម្មណ៍ពេញចិត្ត។,Positive,1.0
1090,ខ្ញុំពិតជាផ្អែមល្ហែមជាមួយបទចម្រៀងថ្មីនេះ។,Positive,1.0
1091,ខ្ញុំចូលចិត្តម៉ាកនេះជាពិសេស។,Positive,1.0
1092,ភាពយន្តនេះធុញទ្រាន់។,Negative,0.0
1093,គុណភាពទំនិញល្អណាស់។,Positive,1.0
1094,ផលិតផលនេះគុណភាពល្អណាស់។,Positive,1.0
1095,ផលិតផលនេះគុណភាពទាប។,Negative,0.0
1096,ការបម្រើអតិថិជនយឺតខ្លាំង។,Negative,0.0
1097,ការទិញនៅលើគេហទំព័រមិនងាយស្រួល។,Negative,0.0
1098,រឿងថ្មីនេះធ្វើឱ្យខ្ញុំខកចិត្ត។,Negative,0.0
1099,ផលិតផលនេះគុណភាពទាប។,Negative,0.0
1100,ការចាក់សម្លេងមានគុណភាពខ្ពស់។,Positive,1.0
1101,បទចម្រៀងនេះឆ្លៀតចិត្ត។,Positive,1.0
1102,ខ្ញុំពិតជាផ្អែមល្ហែមជាមួយបទចម្រៀងថ្មីនេះ។,Positive,1.0
1103,បទចម្រៀងនេះមិនល្អ។,Negative,0.0
1104,ខ្ញុំមានបទពិសោធន៍អាក្រក់ជាមួយសេវាកម្មនេះ។,Negative,0.0
1105,ខ្ញុំបានទទួលទំនិញយ៉ាងឆាប់រហ័ស។,Positive,1.0
1106,ការទិញនៅលើគេហទំព័រយ៉ាងងាយស្រួល។,Positive,1.0
1107,ការសម្តែងនៅលើឆាកមិនអាចទាញយកភ្នែកចេញបាន។,Positive,1.0
1108,ខ្ញុំមិនបានទទួលទំនិញតាមពេលកំណត់។,Negative,0.0
1109,រឿងថ្មីនេះល្អឥតខ្ចោះ។,Positive,1.0
1110,បទថ្មីនេះមានទាស់។,Positive,1.0
1111,ការសម្តែងនៅលើឆាកមិនអាចទាញយកភ្នែកចេញបាន។,Positive,1.0
1112,សេវាកម្មនេះធ្វើឱ្យខ្ញុំខកចិត្ត។,Negative,0.0
1113,ការចាក់សម្លេងមានគុណភាពខ្ពស់។,Positive,1.0
1114,បទចម្រៀងនេះឆ្លៀតចិត្ត។,Positive,1.0
1115,ការដឹកជញ្ជូនលឿនល្អឥតខ្ចោះ។,Positive,1.0
1116,ការសម្តែងរបស់តារាសម្តែងគួរឱ្យសរសើរ។,Positive,1.0
1117,ការសម្តែងរបស់តារាសម្តែងគ្មានគុណភាព។,Negative,0.0
1118,ការបម្រើអតិថិជននៅទីនេះគឺល្អឥតខ្ចោះ។,Positive,1.0
1119,បទចម្រៀងនេះប៉ះដល់ចិត្តយ៉ាងខ្លាំង។,Positive,1.0
1120,បទថ្មីនេះមិនទាក់ចិត្ត។,Negative,0.0
1121,ការបម្រើអតិថិជនយឺតខ្លាំង។,Negative,0.0
1122,ម៉ាកនេះមិនគួរជឿទុកចិត្ត។,Negative,0.0
1123,បទចម្រៀងនេះឆ្លៀតចិត្ត។,Positive,1.0
1124,ខ្ញុំមានបទពិសោធន៍អាក្រក់ជាមួយសេវាកម្មនេះ។,Negative,0.0
1125,ការសម្តែងនៅលើឆាកមិនអាចទាញយកភ្នែកចេញបាន។,Positive,1.0
1126,ខ្ញុំមានបទពិសោធន៍ល្អជាមួយសេវាកម្មនេះ។,Positive,1.0
1127,ភាពយន្តនេះធុញទ្រាន់។,Negative,0.0
1128,ខ្ញុំចូលចិត្តម៉ាកនេះជាពិសេស។,Positive,1.0
1129,បទថ្មីនេះមានទាស់។,Positive,1.0
1130,បទចម្រៀងនេះឆ្លៀតចិត្ត។,Positive,1.0
1131,ការសម្តែងរបស់តារាសម្តែងគ្មានគុណភាព។,Negative,0.0
1132,សេវាកម្មមិនទាន់បំពេញតាមចិត្តទេ។,Negative,0.0
1133,រឿងថ្មីនេះល្អឥតខ្ចោះ។,Positive,1.0
